judgmentDate,count
2000-01-03,2
2000-01-06,1
2000-01-10,2
2000-01-11,4
2000-01-20,2
2000-01-24,1
2000-02-02,2
2000-02-06,1
2000-02-07,1
2000-02-08,48
2000-02-09,34
2000-02-10,1
2000-02-14,6
2000-02-15,28
2000-02-16,20
2000-02-20,10
2000-02-21,9
2000-02-22,32
2000-02-23,14
2000-02-24,1
2000-02-28,2
2000-02-29,13
2000-03-01,75
2000-03-06,1
2000-03-08,46
2000-03-09,16
2000-03-13,3
2000-03-14,28
2000-03-15,42
2000-03-16,39
2000-03-17,1
2000-03-21,64
2000-03-22,43
2000-03-23,85
2000-03-27,1
2000-03-28,80
2000-03-29,32
2000-03-30,19
2000-03-31,1
2000-04-04,58
2000-04-05,20
2000-04-06,14
2000-04-07,1
2000-04-10,2
2000-04-11,39
2000-04-12,90
2000-04-13,56
2000-04-14,15
2000-04-18,19
2000-04-19,92
2000-04-20,36
2000-04-25,82
2000-04-26,89
2000-04-27,23
2000-04-28,11
2000-05-02,4
2000-05-03,117
2000-05-04,4
2000-05-07,1
2000-05-09,146
2000-05-10,65
2000-05-11,38
2000-05-15,1
2000-05-16,28
2000-05-17,120
2000-05-18,29
2000-05-22,1
2000-05-23,77
2000-05-24,131
2000-05-25,34
2000-05-30,128
2000-05-31,174
2000-06-01,79
2000-06-06,62
2000-06-07,256
2000-06-08,138
2000-06-10,1
2000-06-13,37
2000-06-14,131
2000-06-15,140
2000-06-16,3
2000-06-19,1
2000-06-20,65
2000-06-21,293
2000-06-23,43
2000-06-26,1
2000-06-27,168
2000-06-28,469
2000-06-29,419
2000-06-30,1
2000-07-05,10
2000-07-13,15
2000-07-17,1
2000-07-19,23
2000-07-25,1
2000-07-26,20
2000-07-27,37
2000-08-01,60
2000-08-02,250
2000-08-03,213
2000-08-04,1
2000-08-05,1
2000-08-07,38
2000-08-08,93
2000-08-09,419
2000-08-10,626
2000-08-11,2
2000-08-13,2
2000-08-14,2
2000-08-15,95
2000-08-16,531
2000-08-17,310
2000-08-22,70
2000-08-23,467
2000-08-24,327
2000-08-25,2
2000-08-26,1
2000-08-27,1
2000-08-28,1
2000-08-29,178
2000-08-30,505
2000-08-31,548
2000-09-03,1
2000-09-04,2
2000-09-05,93
2000-09-06,567
2000-09-12,40
2000-09-13,417
2000-09-14,492
2000-09-16,1
2000-09-18,2
2000-09-19,219
2000-09-21,335
2000-09-22,3
2000-09-23,2
2000-09-26,149
2000-09-27,610
2000-09-28,357
2000-09-30,11
2000-10-01,1
2000-10-02,49
2000-10-03,116
2000-10-04,437
2000-10-05,346
2000-10-07,1
2000-10-08,1
2000-10-10,92
2000-10-11,406
2000-10-13,1
2000-10-17,98
2000-10-18,582
2000-10-19,540
2000-10-20,39
2000-10-22,4
2000-10-24,104
2000-10-25,732
2000-10-26,557
2000-10-27,2
2000-10-30,50
2000-10-31,97
2000-11-01,476
2000-11-04,1
2000-11-05,1
2000-11-06,132
2000-11-07,134
2000-11-08,446
2000-11-09,550
2000-11-12,1
2000-11-14,132
2000-11-16,419
2000-11-18,1
2000-11-19,1
2000-11-20,46
2000-11-21,59
2000-11-22,635
2000-11-23,506
2000-11-25,2
2000-11-27,34
2000-11-28,185
2000-11-29,761
2000-11-30,495
2000-12-01,3
2000-12-04,94
2000-12-05,104
2000-12-06,605
2000-12-07,480
2000-12-08,2
2000-12-11,9
2000-12-12,221
2000-12-13,594
2000-12-14,553
2000-12-15,4
2000-12-18,57
2000-12-19,102
2000-12-20,757
2000-12-21,558
2000-12-22,9
2000-12-26,12
2000-12-27,352
2000-12-28,296
2000-12-29,7
2001-01-04,24
2001-01-06,1
2001-01-07,1
2001-01-10,13
2001-01-15,1
2001-01-16,38
2001-01-17,22
2001-01-24,22
2001-01-25,71
2001-01-29,2
2001-01-30,25
2001-02-01,21
2001-02-05,3
2001-02-06,127
2001-02-07,234
2001-02-08,518
2001-02-09,2
2001-02-11,1
2001-02-12,2
2001-02-13,127
2001-02-14,406
2001-02-15,464
2001-02-19,47
2001-02-20,162
2001-02-21,393
2001-02-22,375
2001-02-23,36
2001-02-27,8
2001-02-28,227
2001-03-01,95
2001-03-02,2
2001-03-03,2
2001-03-06,107
2001-03-07,574
2001-03-08,373
2001-03-09,95
2001-03-10,1
2001-03-12,5
2001-03-13,109
2001-03-14,612
2001-03-15,398
2001-03-17,1
2001-03-19,4
2001-03-20,149
2001-03-21,596
2001-03-22,440
2001-03-23,5
2001-03-26,30
2001-03-27,144
2001-03-28,653
2001-03-29,387
2001-03-30,41
2001-04-02,2
2001-04-03,185
2001-04-04,446
2001-04-05,351
2001-04-09,28
2001-04-10,238
2001-04-11,632
2001-04-12,286
2001-04-14,1
2001-04-15,1
2001-04-16,6
2001-04-17,81
2001-04-18,420
2001-04-19,384
2001-04-20,2
2001-04-24,149
2001-04-25,422
2001-04-26,407
2001-04-27,13
2001-05-02,358
2001-05-03,376
2001-05-04,2
2001-05-05,2
2001-05-06,2
2001-05-07,6
2001-05-08,420
2001-05-09,507
2001-05-10,470
2001-05-14,3
2001-05-15,329
2001-05-16,406
2001-05-17,386
2001-05-18,3
2001-05-19,2
2001-05-21,1
2001-05-22,268
2001-05-23,500
2001-05-24,485
2001-05-25,6
2001-05-27,2
2001-05-29,280
2001-05-30,508
2001-05-31,546
2001-06-01,2
2001-06-02,1
2001-06-04,4
2001-06-05,255
2001-06-06,567
2001-06-07,423
2001-06-08,5
2001-06-09,1
2001-06-11,5
2001-06-12,112
2001-06-13,456
2001-06-15,87
2001-06-18,2
2001-06-19,426
2001-06-20,658
2001-06-21,546
2001-06-22,20
2001-06-25,2
2001-06-26,178
2001-06-27,578
2001-06-28,655
2001-06-29,101
2001-07-01,1
2001-07-04,20
2001-07-06,2
2001-07-08,1
2001-07-10,19
2001-07-11,30
2001-07-12,1
2001-07-13,10
2001-07-15,1
2001-07-16,1
2001-07-19,38
2001-07-20,13
2001-07-24,1
2001-07-26,17
2001-07-27,1
2001-07-31,43
2001-08-01,233
2001-08-02,116
2001-08-03,35
2001-08-04,1
2001-08-06,8
2001-08-07,168
2001-08-08,763
2001-08-09,614
2001-08-10,5
2001-08-11,1
2001-08-12,2
2001-08-13,6
2001-08-14,111
2001-08-15,834
2001-08-16,512
2001-08-17,5
2001-08-20,59
2001-08-21,204
2001-08-22,692
2001-08-23,587
2001-08-24,2
2001-08-26,1
2001-08-27,35
2001-08-28,227
2001-08-29,651
2001-08-30,398
2001-08-31,1
2001-09-03,2
2001-09-04,78
2001-09-05,439
2001-09-06,535
2001-09-09,1
2001-09-10,11
2001-09-11,139
2001-09-12,467
2001-09-13,423
2001-09-14,7
2001-09-18,101
2001-09-19,438
2001-09-21,4
2001-09-24,31
2001-09-25,101
2001-09-26,646
2001-09-27,532
2001-09-28,3
2001-10-01,29
2001-10-02,56
2001-10-03,430
2001-10-04,363
2001-10-05,5
2001-10-08,3
2001-10-09,204
2001-10-10,578
2001-10-11,447
2001-10-14,1
2001-10-15,36
2001-10-16,359
2001-10-17,327
2001-10-18,233
2001-10-19,2
2001-10-20,1
2001-10-21,3
2001-10-22,12
2001-10-23,66
2001-10-24,531
2001-10-25,310
2001-10-26,3
2001-10-29,23
2001-10-30,151
2001-10-31,643
2001-11-01,525
2001-11-05,12
2001-11-06,422
2001-11-07,604
2001-11-08,400
2001-11-09,4
2001-11-11,3
2001-11-12,13
2001-11-13,120
2001-11-14,447
2001-11-16,2
2001-11-19,6
2001-11-20,220
2001-11-21,400
2001-11-22,789
2001-11-23,2
2001-11-26,13
2001-11-27,120
2001-11-28,772
2001-11-29,372
2001-11-30,98
2001-12-03,21
2001-12-04,156
2001-12-05,666
2001-12-06,505
2001-12-07,4
2001-12-08,1
2001-12-10,3
2001-12-11,222
2001-12-12,690
2001-12-13,685
2001-12-14,1
2001-12-17,56
2001-12-18,237
2001-12-19,1045
2001-12-20,654
2001-12-21,19
2001-12-26,54
2001-12-27,35
2001-12-28,311
2001-12-31,1
2002-01-03,1
2002-01-07,1
2002-01-15,23
2002-01-21,1
2002-01-22,43
2002-01-24,21
2002-01-28,1
2002-01-29,7
2002-01-30,53
2002-01-31,67
2002-02-01,5
2002-02-02,1
2002-02-03,4
2002-02-04,3
2002-02-05,91
2002-02-06,164
2002-02-07,168
2002-02-08,1
2002-02-09,1
2002-02-11,1
2002-02-12,9
2002-02-13,146
2002-02-14,59
2002-02-15,8
2002-02-17,1
2002-02-18,1
2002-02-19,34
2002-02-20,902
2002-02-21,420
2002-02-22,4
2002-02-25,1
2002-02-26,295
2002-02-27,593
2002-02-28,273
2002-03-01,5
2002-03-03,2
2002-03-04,2
2002-03-05,154
2002-03-06,517
2002-03-07,419
2002-03-10,1
2002-03-11,2
2002-03-12,120
2002-03-13,627
2002-03-14,418
2002-03-15,3
2002-03-17,1
2002-03-18,1
2002-03-19,181
2002-03-20,474
2002-03-21,343
2002-03-22,70
2002-03-24,1
2002-03-25,2
2002-03-26,276
2002-03-27,1020
2002-03-28,153
2002-03-29,1
2002-04-01,3
2002-04-02,85
2002-04-03,521
2002-04-04,296
2002-04-05,1
2002-04-07,1
2002-04-08,4
2002-04-09,163
2002-04-10,558
2002-04-11,408
2002-04-12,2
2002-04-14,1
2002-04-15,5
2002-04-16,132
2002-04-17,613
2002-04-18,356
2002-04-19,2
2002-04-22,3
2002-04-23,181
2002-04-24,1019
2002-04-25,367
2002-04-26,1
2002-04-27,2
2002-04-29,2
2002-04-30,86
2002-05-02,341
2002-05-05,5
2002-05-06,6
2002-05-07,51
2002-05-08,910
2002-05-09,686
2002-05-10,97
2002-05-13,5
2002-05-14,60
2002-05-15,818
2002-05-16,361
2002-05-17,4
2002-05-20,7
2002-05-21,206
2002-05-22,618
2002-05-23,568
2002-05-24,1
2002-05-27,1
2002-05-28,402
2002-05-29,814
2002-05-31,1
2002-06-03,2
2002-06-04,83
2002-06-05,429
2002-06-06,548
2002-06-07,3
2002-06-10,4
2002-06-11,147
2002-06-12,676
2002-06-13,569
2002-06-14,46
2002-06-17,3
2002-06-18,100
2002-06-19,802
2002-06-20,449
2002-06-21,41
2002-06-24,45
2002-06-25,290
2002-06-26,1210
2002-06-27,586
2002-06-28,26
2002-07-01,2
2002-07-04,7
2002-07-10,35
2002-07-11,14
2002-07-12,1
2002-07-17,1
2002-07-18,19
2002-07-19,36
2002-07-22,3
2002-07-23,1
2002-07-24,2
2002-07-25,26
2002-07-26,64
2002-07-29,45
2002-07-30,38
2002-07-31,2
2002-08-01,262
2002-08-02,6
2002-08-05,6
2002-08-06,167
2002-08-07,755
2002-08-08,456
2002-08-09,3
2002-08-11,3
2002-08-13,88
2002-08-14,977
2002-08-15,584
2002-08-16,1
2002-08-19,1
2002-08-20,41
2002-08-21,742
2002-08-22,329
2002-08-23,1
2002-08-25,2
2002-08-26,204
2002-08-27,106
2002-08-28,645
2002-08-29,482
2002-08-30,53
2002-09-02,13
2002-09-03,70
2002-09-04,397
2002-09-05,313
2002-09-09,139
2002-09-10,123
2002-09-11,717
2002-09-12,369
2002-09-13,9
2002-09-16,15
2002-09-17,42
2002-09-18,538
2002-09-19,444
2002-09-23,3
2002-09-24,246
2002-09-25,1162
2002-09-26,437
2002-09-27,10
2002-09-30,10
2002-10-01,70
2002-10-02,816
2002-10-03,559
2002-10-04,2
2002-10-06,1
2002-10-07,7
2002-10-08,64
2002-10-09,697
2002-10-10,416
2002-10-11,7
2002-10-13,1
2002-10-14,2
2002-10-15,17
2002-10-16,944
2002-10-17,415
2002-10-18,82
2002-10-19,1
2002-10-20,1
2002-10-21,19
2002-10-22,82
2002-10-23,875
2002-10-24,591
2002-10-25,6
2002-10-26,1
2002-10-28,233
2002-10-29,578
2002-10-30,987
2002-10-31,594
2002-11-01,1
2002-11-03,1
2002-11-04,3
2002-11-05,67
2002-11-06,1171
2002-11-07,529
2002-11-08,46
2002-11-11,174
2002-11-12,78
2002-11-13,1039
2002-11-14,1068
2002-11-18,11
2002-11-19,103
2002-11-20,1671
2002-11-21,1048
2002-11-22,19
2002-11-25,300
2002-11-26,120
2002-11-27,1228
2002-11-28,877
2002-11-29,20
2002-12-02,19
2002-12-03,236
2002-12-04,1537
2002-12-05,979
2002-12-06,12
2002-12-09,205
2002-12-10,419
2002-12-11,1787
2002-12-12,1532
2002-12-13,25
2002-12-16,119
2002-12-17,682
2002-12-18,2826
2002-12-19,2097
2002-12-20,172
2002-12-21,2
2002-12-23,168
2002-12-26,152
2002-12-27,223
2002-12-28,3
2002-12-30,103
2003-01-02,70
2003-01-03,81
2003-01-06,89
2003-01-07,60
2003-01-08,35
2003-01-09,62
2003-01-10,33
2003-01-13,33
2003-01-14,79
2003-01-15,25
2003-01-16,17
2003-01-17,12
2003-01-20,8
2003-01-21,14
2003-01-22,13
2003-01-23,93
2003-01-24,77
2003-01-25,1
2003-01-27,24
2003-01-28,22
2003-01-29,151
2003-01-30,255
2003-01-31,39
2003-02-02,6
2003-02-03,171
2003-02-04,45
2003-02-05,247
2003-02-06,260
2003-02-07,40
2003-02-10,71
2003-02-11,230
2003-02-12,1277
2003-02-13,783
2003-02-14,67
2003-02-15,1
2003-02-17,105
2003-02-18,325
2003-02-19,1257
2003-02-20,769
2003-02-21,51
2003-02-23,2
2003-02-24,70
2003-02-25,206
2003-02-26,1453
2003-02-27,1218
2003-02-28,72
2003-03-01,3
2003-03-02,2
2003-03-03,1
2003-03-04,2
2003-03-05,207
2003-03-06,365
2003-03-07,48
2003-03-08,2
2003-03-10,74
2003-03-11,667
2003-03-12,1512
2003-03-13,1634
2003-03-14,49
2003-03-15,2
2003-03-17,98
2003-03-18,562
2003-03-19,1737
2003-03-20,1245
2003-03-21,133
2003-03-24,79
2003-03-25,770
2003-03-26,1597
2003-03-27,1449
2003-03-28,118
2003-03-29,1
2003-03-31,282
2003-04-01,237
2003-04-02,1118
2003-04-03,1362
2003-04-04,69
2003-04-05,12
2003-04-06,3
2003-04-07,149
2003-04-08,566
2003-04-09,1367
2003-04-10,893
2003-04-11,241
2003-04-12,2
2003-04-14,290
2003-04-15,783
2003-04-16,1188
2003-04-17,1184
2003-04-20,2
2003-04-21,2
2003-04-22,105
2003-04-23,825
2003-04-24,1256
2003-04-25,89
2003-04-27,9
2003-04-28,202
2003-04-29,829
2003-04-30,1476
2003-05-02,59
2003-05-04,3
2003-05-05,84
2003-05-06,361
2003-05-07,1190
2003-05-08,1550
2003-05-09,153
2003-05-11,1
2003-05-12,92
2003-05-13,354
2003-05-14,1345
2003-05-15,1477
2003-05-16,91
2003-05-18,1
2003-05-19,322
2003-05-20,284
2003-05-21,1138
2003-05-22,1389
2003-05-23,80
2003-05-24,7
2003-05-26,110
2003-05-27,976
2003-05-28,1877
2003-05-29,1198
2003-05-30,98
2003-05-31,1
2003-06-01,2
2003-06-02,93
2003-06-03,545
2003-06-04,1231
2003-06-05,1368
2003-06-06,125
2003-06-07,1
2003-06-09,344
2003-06-10,431
2003-06-11,326
2003-06-12,1553
2003-06-13,313
2003-06-14,1
2003-06-15,3
2003-06-16,332
2003-06-17,450
2003-06-18,1925
2003-06-19,2
2003-06-20,115
2003-06-23,387
2003-06-24,1012
2003-06-25,2291
2003-06-26,2277
2003-06-27,291
2003-06-28,1
2003-06-29,11
2003-06-30,1510
2003-07-01,499
2003-07-02,14
2003-07-03,1
2003-07-04,5
2003-07-07,2
2003-07-08,1
2003-07-09,5
2003-07-10,4
2003-07-11,3
2003-07-14,2
2003-07-15,2
2003-07-16,3
2003-07-17,183
2003-07-18,7
2003-07-21,3
2003-07-22,1
2003-07-23,5
2003-07-24,5
2003-07-25,2
2003-07-27,1
2003-07-28,5
2003-07-29,5
2003-07-30,55
2003-07-31,140
2003-08-01,692
2003-08-02,2
2003-08-03,3
2003-08-04,362
2003-08-05,170
2003-08-06,1219
2003-08-07,1627
2003-08-08,169
2003-08-09,1
2003-08-11,199
2003-08-12,784
2003-08-13,2510
2003-08-14,1427
2003-08-15,164
2003-08-16,1
2003-08-17,2
2003-08-18,166
2003-08-19,784
2003-08-20,1867
2003-08-21,1045
2003-08-22,130
2003-08-23,1
2003-08-24,2
2003-08-25,679
2003-08-26,885
2003-08-27,1795
2003-08-28,1762
2003-08-29,401
2003-08-30,1
2003-09-01,233
2003-09-02,653
2003-09-03,1573
2003-09-04,961
2003-09-05,101
2003-09-06,1
2003-09-07,1
2003-09-08,244
2003-09-09,432
2003-09-10,1888
2003-09-11,1250
2003-09-12,100
2003-09-14,6
2003-09-15,135
2003-09-16,690
2003-09-17,1305
2003-09-18,1531
2003-09-19,188
2003-09-20,2
2003-09-22,235
2003-09-23,813
2003-09-24,1871
2003-09-25,1557
2003-09-26,104
2003-09-27,1
2003-09-28,7
2003-09-29,749
2003-09-30,565
2003-10-01,1448
2003-10-02,1351
2003-10-03,138
2003-10-04,2
2003-10-05,8
2003-10-06,172
2003-10-07,424
2003-10-08,1855
2003-10-09,1577
2003-10-10,123
2003-10-11,3
2003-10-12,7
2003-10-13,138
2003-10-14,668
2003-10-15,1872
2003-10-16,1318
2003-10-17,160
2003-10-18,4
2003-10-19,8
2003-10-20,113
2003-10-21,649
2003-10-22,1863
2003-10-23,1396
2003-10-24,180
2003-10-25,2
2003-10-27,137
2003-10-28,606
2003-10-29,1979
2003-10-30,1745
2003-10-31,156
2003-11-02,2
2003-11-03,106
2003-11-04,695
2003-11-05,1920
2003-11-06,1790
2003-11-07,234
2003-11-08,5
2003-11-09,11
2003-11-10,178
2003-11-11,608
2003-11-12,2012
2003-11-13,1547
2003-11-14,172
2003-11-16,5
2003-11-17,283
2003-11-18,1219
2003-11-19,1913
2003-11-20,102
2003-11-21,196
2003-11-22,1
2003-11-23,1
2003-11-24,136
2003-11-25,882
2003-11-26,2141
2003-11-27,2084
2003-11-28,278
2003-11-29,2
2003-11-30,3
2003-12-01,188
2003-12-02,835
2003-12-03,2243
2003-12-04,1610
2003-12-05,341
2003-12-06,2
2003-12-08,3
2003-12-09,819
2003-12-10,2299
2003-12-11,1494
2003-12-12,339
2003-12-13,1
2003-12-15,209
2003-12-16,1144
2003-12-17,2879
2003-12-18,2384
2003-12-19,312
2003-12-22,201
2003-12-23,1663
2003-12-24,40
2003-12-26,204
2003-12-27,4
2003-12-28,1
2003-12-29,304
2003-12-30,843
2003-12-31,78
2004-01-02,3
2004-01-05,9
2004-01-06,24
2004-01-07,27
2004-01-08,77
2004-01-09,21
2004-01-12,37
2004-01-13,29
2004-01-14,22
2004-01-15,44
2004-01-16,17
2004-01-19,24
2004-01-20,155
2004-01-21,13
2004-01-22,17
2004-01-23,18
2004-01-26,22
2004-01-27,14
2004-01-28,13
2004-01-29,154
2004-01-30,14
2004-02-02,3
2004-02-03,204
2004-02-04,470
2004-02-05,378
2004-02-06,148
2004-02-09,150
2004-02-10,582
2004-02-11,2131
2004-02-12,1214
2004-02-13,210
2004-02-14,3
2004-02-15,15
2004-02-16,214
2004-02-17,779
2004-02-18,2433
2004-02-19,1162
2004-02-20,171
2004-02-22,2
2004-02-23,1
2004-02-25,273
2004-02-26,413
2004-02-27,177
2004-02-28,3
2004-02-29,1
2004-03-01,208
2004-03-02,551
2004-03-03,1960
2004-03-04,1528
2004-03-05,362
2004-03-06,2
2004-03-07,1
2004-03-08,201
2004-03-09,695
2004-03-10,2290
2004-03-11,1921
2004-03-12,248
2004-03-13,1
2004-03-15,239
2004-03-16,821
2004-03-17,2104
2004-03-18,2092
2004-03-19,268
2004-03-20,1
2004-03-22,260
2004-03-23,802
2004-03-24,2175
2004-03-25,2045
2004-03-26,260
2004-03-27,1
2004-03-29,217
2004-03-30,1021
2004-03-31,2448
2004-04-01,1368
2004-04-02,307
2004-04-04,1
2004-04-05,194
2004-04-06,619
2004-04-07,2339
2004-04-08,1035
2004-04-09,4
2004-04-10,3
2004-04-12,241
2004-04-13,814
2004-04-14,1974
2004-04-15,2063
2004-04-16,363
2004-04-17,7
2004-04-18,1
2004-04-19,218
2004-04-20,1070
2004-04-21,1
2004-04-22,1659
2004-04-23,248
2004-04-26,181
2004-04-27,925
2004-04-28,2551
2004-04-29,2213
2004-04-30,247
2004-05-03,165
2004-05-04,747
2004-05-05,1854
2004-05-06,1324
2004-05-07,230
2004-05-08,1
2004-05-09,2
2004-05-10,184
2004-05-11,661
2004-05-12,1999
2004-05-13,2050
2004-05-14,312
2004-05-16,1
2004-05-17,164
2004-05-18,737
2004-05-19,2501
2004-05-20,1419
2004-05-21,249
2004-05-23,1
2004-05-24,198
2004-05-25,803
2004-05-26,2192
2004-05-27,2163
2004-05-28,307
2004-05-29,2
2004-05-30,3
2004-05-31,220
2004-06-01,714
2004-06-02,1825
2004-06-03,1786
2004-06-04,304
2004-06-06,1
2004-06-07,233
2004-06-08,657
2004-06-09,2051
2004-06-10,3
2004-06-11,320
2004-06-14,205
2004-06-15,660
2004-06-16,2393
2004-06-17,2467
2004-06-18,269
2004-06-19,2
2004-06-20,1
2004-06-21,314
2004-06-22,1053
2004-06-23,2390
2004-06-24,1968
2004-06-25,529
2004-06-26,2
2004-06-28,216
2004-06-29,1929
2004-06-30,3198
2004-07-01,1582
2004-07-02,70
2004-07-05,46
2004-07-06,140
2004-07-07,184
2004-07-08,205
2004-07-09,41
2004-07-12,33
2004-07-13,124
2004-07-14,185
2004-07-15,98
2004-07-16,19
2004-07-19,25
2004-07-20,174
2004-07-21,118
2004-07-22,117
2004-07-23,27
2004-07-26,35
2004-07-27,39
2004-07-28,130
2004-07-29,258
2004-07-30,36
2004-08-01,1
2004-08-02,659
2004-08-03,297
2004-08-04,1488
2004-08-05,1442
2004-08-06,457
2004-08-09,266
2004-08-10,816
2004-08-11,2746
2004-08-12,2529
2004-08-13,326
2004-08-15,1
2004-08-16,348
2004-08-17,879
2004-08-18,2589
2004-08-19,1536
2004-08-20,599
2004-08-23,219
2004-08-24,652
2004-08-25,2434
2004-08-26,2060
2004-08-27,337
2004-08-28,12
2004-08-29,2
2004-08-30,295
2004-08-31,948
2004-09-01,2149
2004-09-02,1619
2004-09-03,468
2004-09-04,1
2004-09-06,164
2004-09-07,2
2004-09-08,1673
2004-09-09,1543
2004-09-10,268
2004-09-13,271
2004-09-14,1076
2004-09-15,2111
2004-09-16,1814
2004-09-17,235
2004-09-18,1
2004-09-20,4
2004-09-21,508
2004-09-22,1938
2004-09-23,1522
2004-09-24,258
2004-09-25,1
2004-09-26,2
2004-09-27,250
2004-09-28,925
2004-09-29,2465
2004-09-30,2032
2004-10-01,282
2004-10-04,179
2004-10-05,816
2004-10-06,2371
2004-10-07,1932
2004-10-08,213
2004-10-09,1
2004-10-11,205
2004-10-12,1
2004-10-13,1907
2004-10-14,1859
2004-10-15,243
2004-10-16,1
2004-10-18,254
2004-10-19,852
2004-10-20,1911
2004-10-21,1760
2004-10-22,386
2004-10-23,2
2004-10-24,2
2004-10-25,290
2004-10-26,1048
2004-10-27,2421
2004-10-28,2189
2004-10-29,181
2004-10-30,6
2004-10-31,3
2004-11-01,90
2004-11-02,1
2004-11-03,1718
2004-11-04,1809
2004-11-05,355
2004-11-08,201
2004-11-09,871
2004-11-10,2294
2004-11-11,2086
2004-11-12,270
2004-11-14,3
2004-11-15,2
2004-11-16,715
2004-11-17,2242
2004-11-18,1873
2004-11-19,316
2004-11-20,26
2004-11-22,257
2004-11-23,760
2004-11-24,2310
2004-11-25,2328
2004-11-26,258
2004-11-27,9
2004-11-28,1
2004-11-29,263
2004-11-30,907
2004-12-01,2198
2004-12-02,1864
2004-12-03,290
2004-12-05,1
2004-12-06,225
2004-12-07,928
2004-12-08,2
2004-12-09,1847
2004-12-10,242
2004-12-12,1
2004-12-13,227
2004-12-14,1106
2004-12-15,2842
2004-12-16,2674
2004-12-17,1017
2004-12-19,2
2004-12-20,283
2004-12-21,851
2004-12-22,3123
2004-12-23,2791
2004-12-24,2
2004-12-26,1
2004-12-27,328
2004-12-28,491
2004-12-29,2060
2004-12-30,394
2005-01-03,29
2005-01-04,23
2005-01-05,26
2005-01-06,36
2005-01-07,19
2005-01-10,21
2005-01-11,14
2005-01-12,160
2005-01-13,19
2005-01-14,42
2005-01-17,35
2005-01-18,46
2005-01-19,27
2005-01-20,19
2005-01-21,15
2005-01-24,27
2005-01-25,22
2005-01-26,144
2005-01-27,9
2005-01-28,13
2005-01-31,14
2005-02-01,141
2005-02-03,354
2005-02-04,130
2005-02-05,1
2005-02-08,1
2005-02-09,384
2005-02-10,466
2005-02-11,208
2005-02-13,1
2005-02-14,292
2005-02-15,500
2005-02-16,2181
2005-02-17,1687
2005-02-18,152
2005-02-21,125
2005-02-22,1473
2005-02-23,2124
2005-02-24,1448
2005-02-25,179
2005-02-26,1
2005-02-28,150
2005-03-01,441
2005-03-02,1799
2005-03-03,1935
2005-03-04,341
2005-03-05,3
2005-03-06,4
2005-03-07,240
2005-03-08,590
2005-03-09,1704
2005-03-10,2226
2005-03-11,265
2005-03-13,1
2005-03-14,329
2005-03-15,662
2005-03-16,2085
2005-03-17,2446
2005-03-18,312
2005-03-19,2
2005-03-20,1
2005-03-21,222
2005-03-22,707
2005-03-23,2350
2005-03-24,1694
2005-03-25,1
2005-03-26,3
2005-03-27,3
2005-03-28,241
2005-03-29,1066
2005-03-30,2290
2005-03-31,2288
2005-04-01,312
2005-04-02,17
2005-04-04,242
2005-04-05,682
2005-04-06,1944
2005-04-07,2236
2005-04-08,373
2005-04-09,2
2005-04-11,325
2005-04-12,811
2005-04-13,2211
2005-04-14,2271
2005-04-15,326
2005-04-16,3
2005-04-18,236
2005-04-19,454
2005-04-20,2409
2005-04-21,1
2005-04-22,207
2005-04-23,1
2005-04-25,312
2005-04-26,943
2005-04-27,2369
2005-04-28,3359
2005-04-29,361
2005-04-30,1
2005-05-01,1
2005-05-02,221
2005-05-03,659
2005-05-04,2332
2005-05-05,1945
2005-05-06,407
2005-05-07,2
2005-05-09,264
2005-05-10,579
2005-05-11,2113
2005-05-12,2087
2005-05-13,325
2005-05-15,6
2005-05-16,274
2005-05-17,760
2005-05-18,2319
2005-05-19,2444
2005-05-20,266
2005-05-21,2
2005-05-22,3
2005-05-23,279
2005-05-24,723
2005-05-25,2361
2005-05-26,1
2005-05-27,233
2005-05-29,2
2005-05-30,265
2005-05-31,941
2005-06-01,2260
2005-06-02,2586
2005-06-03,326
2005-06-04,4
2005-06-06,285
2005-06-07,663
2005-06-08,2066
2005-06-09,2129
2005-06-10,270
2005-06-12,4
2005-06-13,220
2005-06-14,674
2005-06-15,2018
2005-06-16,2209
2005-06-17,313
2005-06-20,343
2005-06-21,665
2005-06-22,2423
2005-06-23,2062
2005-06-24,275
2005-06-27,316
2005-06-28,1730
2005-06-29,2787
2005-06-30,2461
2005-07-01,658
2005-07-02,1
2005-07-04,210
2005-07-05,573
2005-07-06,1257
2005-07-07,1928
2005-07-08,257
2005-07-09,2
2005-07-10,3
2005-07-11,238
2005-07-12,565
2005-07-13,2140
2005-07-14,1957
2005-07-15,284
2005-07-16,1
2005-07-17,3
2005-07-18,227
2005-07-19,545
2005-07-20,1326
2005-07-21,1450
2005-07-22,496
2005-07-23,2
2005-07-24,2
2005-07-25,225
2005-07-26,534
2005-07-27,2085
2005-07-28,812
2005-07-29,247
2005-07-30,1
2005-07-31,4
2005-08-01,224
2005-08-02,423
2005-08-03,1856
2005-08-04,1644
2005-08-05,287
2005-08-06,1
2005-08-08,218
2005-08-09,593
2005-08-10,1895
2005-08-11,2248
2005-08-12,235
2005-08-14,1
2005-08-15,247
2005-08-16,503
2005-08-17,2906
2005-08-18,1672
2005-08-19,264
2005-08-21,1
2005-08-22,235
2005-08-23,779
2005-08-24,2937
2005-08-25,2621
2005-08-26,484
2005-08-27,3
2005-08-28,3
2005-08-29,318
2005-08-30,856
2005-08-31,2560
2005-09-01,2430
2005-09-02,251
2005-09-03,7
2005-09-04,3
2005-09-05,253
2005-09-06,833
2005-09-07,7
2005-09-08,1432
2005-09-09,284
2005-09-10,1
2005-09-11,1
2005-09-12,270
2005-09-13,701
2005-09-14,3029
2005-09-15,2277
2005-09-16,248
2005-09-17,2
2005-09-18,2
2005-09-19,196
2005-09-20,3
2005-09-21,2438
2005-09-22,1722
2005-09-23,405
2005-09-25,1
2005-09-26,287
2005-09-27,1007
2005-09-28,2548
2005-09-29,2678
2005-09-30,307
2005-10-01,1
2005-10-02,2
2005-10-03,254
2005-10-04,717
2005-10-05,2504
2005-10-06,1432
2005-10-07,499
2005-10-08,3
2005-10-09,2
2005-10-10,286
2005-10-11,821
2005-10-12,6
2005-10-13,2180
2005-10-14,394
2005-10-17,277
2005-10-18,691
2005-10-19,3142
2005-10-20,1633
2005-10-21,285
2005-10-22,1
2005-10-23,1
2005-10-24,265
2005-10-25,772
2005-10-26,2838
2005-10-27,2529
2005-10-28,289
2005-10-29,2
2005-10-31,292
2005-11-01,600
2005-11-02,9
2005-11-03,1158
2005-11-04,400
2005-11-05,1
2005-11-07,241
2005-11-08,709
2005-11-09,3203
2005-11-10,2563
2005-11-11,242
2005-11-12,1
2005-11-14,205
2005-11-16,2234
2005-11-17,1913
2005-11-18,749
2005-11-21,282
2005-11-22,910
2005-11-23,2742
2005-11-24,2382
2005-11-25,381
2005-11-27,1
2005-11-28,425
2005-11-29,910
2005-11-30,3032
2005-12-01,2165
2005-12-02,320
2005-12-05,219
2005-12-06,762
2005-12-07,2484
2005-12-08,8
2005-12-09,272
2005-12-10,2
2005-12-12,246
2005-12-13,1012
2005-12-14,3066
2005-12-15,2913
2005-12-16,302
2005-12-17,3
2005-12-19,325
2005-12-20,793
2005-12-21,3225
2005-12-22,3033
2005-12-23,282
2005-12-26,470
2005-12-27,446
2005-12-28,1925
2005-12-29,1124
2005-12-30,326
2006-01-02,141
2006-01-03,162
2006-01-04,378
2006-01-05,945
2006-01-06,189
2006-01-07,4
2006-01-08,3
2006-01-09,197
2006-01-10,539
2006-01-11,1834
2006-01-12,1372
2006-01-13,162
2006-01-15,1
2006-01-16,161
2006-01-17,489
2006-01-18,1677
2006-01-19,1391
2006-01-20,247
2006-01-23,191
2006-01-24,673
2006-01-25,2279
2006-01-26,1858
2006-01-27,222
2006-01-29,3
2006-01-30,219
2006-01-31,457
2006-02-01,340
2006-02-02,1
2006-02-03,173
2006-02-05,1
2006-02-06,132
2006-02-07,150
2006-02-08,1601
2006-02-09,1164
2006-02-10,131
2006-02-13,150
2006-02-14,452
2006-02-15,1425
2006-02-16,757
2006-02-17,161
2006-02-18,1
2006-02-19,1
2006-02-20,340
2006-02-21,636
2006-02-22,2201
2006-02-23,2209
2006-02-24,191
2006-02-25,2
2006-03-01,197
2006-03-02,319
2006-03-03,395
2006-03-04,2
2006-03-06,283
2006-03-07,560
2006-03-08,3044
2006-03-09,1924
2006-03-10,408
2006-03-11,1
2006-03-12,10
2006-03-13,238
2006-03-14,654
2006-03-15,2451
2006-03-16,2851
2006-03-17,467
2006-03-18,7
2006-03-19,2
2006-03-20,237
2006-03-21,598
2006-03-22,2560
2006-03-23,2602
2006-03-24,348
2006-03-26,2
2006-03-27,303
2006-03-28,1008
2006-03-29,2485
2006-03-30,2768
2006-03-31,328
2006-04-01,3
2006-04-02,2
2006-04-03,295
2006-04-04,768
2006-04-05,2502
2006-04-06,2179
2006-04-07,417
2006-04-08,3
2006-04-09,3
2006-04-10,254
2006-04-11,796
2006-04-12,2649
2006-04-13,2004
2006-04-14,5
2006-04-17,330
2006-04-18,861
2006-04-19,2615
2006-04-20,2475
2006-04-21,8
2006-04-22,4
2006-04-24,262
2006-04-25,1139
2006-04-26,2635
2006-04-27,2728
2006-04-28,411
2006-04-29,2
2006-05-01,5
2006-05-02,467
2006-05-03,2450
2006-05-04,2079
2006-05-05,567
2006-05-06,7
2006-05-07,1
2006-05-08,312
2006-05-09,735
2006-05-10,1989
2006-05-11,2089
2006-05-12,377
2006-05-13,1
2006-05-14,1
2006-05-15,237
2006-05-16,853
2006-05-17,2629
2006-05-18,2476
2006-05-19,353
2006-05-20,4
2006-05-22,270
2006-05-23,1104
2006-05-24,2156
2006-05-25,2670
2006-05-26,713
2006-05-27,2
2006-05-28,3
2006-05-29,298
2006-05-30,1061
2006-05-31,2574
2006-06-01,1831
2006-06-02,504
2006-06-03,4
2006-06-04,5
2006-06-05,254
2006-06-06,555
2006-06-07,2979
2006-06-08,2811
2006-06-09,355
2006-06-10,2
2006-06-12,315
2006-06-13,605
2006-06-14,2683
2006-06-15,5
2006-06-16,251
2006-06-19,213
2006-06-20,946
2006-06-21,2681
2006-06-22,2574
2006-06-23,735
2006-06-24,5
2006-06-25,4
2006-06-26,299
2006-06-27,1096
2006-06-28,2839
2006-06-29,3537
2006-06-30,574
2006-07-01,4
2006-07-02,4
2006-07-03,255
2006-07-04,1000
2006-07-05,867
2006-07-06,2416
2006-07-07,416
2006-07-08,5
2006-07-09,1
2006-07-10,227
2006-07-11,986
2006-07-12,2871
2006-07-13,2617
2006-07-14,787
2006-07-15,2
2006-07-16,4
2006-07-17,230
2006-07-18,640
2006-07-19,1844
2006-07-20,2160
2006-07-21,213
2006-07-22,13
2006-07-23,2
2006-07-24,184
2006-07-25,764
2006-07-26,2082
2006-07-27,1588
2006-07-28,360
2006-07-29,17
2006-07-30,6
2006-07-31,437
2006-08-01,284
2006-08-02,2368
2006-08-03,1975
2006-08-04,361
2006-08-05,1
2006-08-07,215
2006-08-08,1409
2006-08-09,2796
2006-08-10,2218
2006-08-11,411
2006-08-12,4
2006-08-14,330
2006-08-15,1277
2006-08-16,3132
2006-08-17,2525
2006-08-18,241
2006-08-19,100
2006-08-20,3
2006-08-21,254
2006-08-22,1110
2006-08-23,2999
2006-08-24,2754
2006-08-25,828
2006-08-26,8
2006-08-27,3
2006-08-28,602
2006-08-29,838
2006-08-30,2231
2006-08-31,3024
2006-09-01,754
2006-09-02,13
2006-09-03,13
2006-09-04,519
2006-09-05,1011
2006-09-06,2261
2006-09-07,9
2006-09-08,359
2006-09-09,1
2006-09-10,3
2006-09-11,386
2006-09-12,1243
2006-09-13,3383
2006-09-14,3216
2006-09-15,262
2006-09-16,8
2006-09-17,2
2006-09-18,489
2006-09-19,1397
2006-09-21,2743
2006-09-22,287
2006-09-24,3
2006-09-25,348
2006-09-26,1213
2006-09-27,3668
2006-09-28,3031
2006-09-29,371
2006-09-30,7
2006-10-01,2
2006-10-02,234
2006-10-03,971
2006-10-04,2726
2006-10-05,2417
2006-10-06,566
2006-10-07,3
2006-10-08,3
2006-10-09,532
2006-10-10,1307
2006-10-11,2656
2006-10-12,13
2006-10-13,312
2006-10-14,19
2006-10-15,2
2006-10-16,304
2006-10-17,1052
2006-10-18,2340
2006-10-19,3302
2006-10-20,391
2006-10-22,1
2006-10-23,436
2006-10-24,1313
2006-10-25,2580
2006-10-26,3092
2006-10-27,657
2006-10-28,2
2006-10-29,21
2006-10-30,323
2006-10-31,960
2006-11-01,2902
2006-11-02,7
2006-11-03,192
2006-11-04,8
2006-11-06,548
2006-11-07,1092
2006-11-08,3057
2006-11-09,3567
2006-11-10,491
2006-11-11,2
2006-11-12,6
2006-11-13,285
2006-11-14,1258
2006-11-15,22
2006-11-16,1867
2006-11-17,281
2006-11-18,46
2006-11-19,16
2006-11-20,579
2006-11-21,897
2006-11-22,3469
2006-11-23,3358
2006-11-24,338
2006-11-25,8
2006-11-26,2
2006-11-27,385
2006-11-28,1701
2006-11-29,3135
2006-11-30,2804
2006-12-01,986
2006-12-02,11
2006-12-03,2
2006-12-04,580
2006-12-05,766
2006-12-06,2951
2006-12-07,2496
2006-12-08,14
2006-12-09,15
2006-12-10,2
2006-12-11,311
2006-12-12,1360
2006-12-13,2948
2006-12-14,3083
2006-12-15,578
2006-12-16,4
2006-12-17,7
2006-12-18,610
2006-12-19,1851
2006-12-20,3338
2006-12-21,3696
2006-12-22,696
2006-12-23,3
2006-12-24,1
2006-12-26,460
2006-12-27,2271
2006-12-28,2382
2006-12-29,545
2006-12-30,6
2007-01-01,1
2007-01-02,77
2007-01-03,106
2007-01-04,77
2007-01-05,55
2007-01-08,91
2007-01-09,329
2007-01-10,390
2007-01-11,590
2007-01-12,105
2007-01-15,95
2007-01-16,427
2007-01-17,512
2007-01-18,314
2007-01-19,84
2007-01-20,2
2007-01-22,110
2007-01-23,548
2007-01-24,962
2007-01-25,859
2007-01-26,138
2007-01-29,89
2007-01-30,277
2007-01-31,933
2007-02-01,586
2007-02-02,1
2007-02-03,1
2007-02-05,214
2007-02-06,297
2007-02-07,1777
2007-02-08,2144
2007-02-09,255
2007-02-10,8
2007-02-11,1
2007-02-12,380
2007-02-13,1962
2007-02-14,4006
2007-02-15,3286
2007-02-16,172
2007-02-21,433
2007-02-22,503
2007-02-23,261
2007-02-24,3
2007-02-26,529
2007-02-27,1618
2007-02-28,3383
2007-03-01,1932
2007-03-02,764
2007-03-03,15
2007-03-04,9
2007-03-05,360
2007-03-06,927
2007-03-07,2650
2007-03-08,2614
2007-03-09,384
2007-03-12,485
2007-03-13,1257
2007-03-14,2631
2007-03-15,2883
2007-03-16,477
2007-03-17,5
2007-03-19,337
2007-03-20,1662
2007-03-21,2434
2007-03-22,3327
2007-03-23,353
2007-03-26,518
2007-03-27,995
2007-03-28,3473
2007-03-29,3200
2007-03-30,446
2007-04-02,397
2007-04-03,1170
2007-04-04,2415
2007-04-05,1087
2007-04-06,7
2007-04-07,1
2007-04-08,1
2007-04-09,273
2007-04-10,1033
2007-04-11,2996
2007-04-12,3158
2007-04-13,420
2007-04-14,15
2007-04-15,1
2007-04-16,395
2007-04-17,2038
2007-04-18,2079
2007-04-19,2684
2007-04-20,667
2007-04-21,2
2007-04-22,33
2007-04-23,295
2007-04-24,1031
2007-04-25,3290
2007-04-26,3263
2007-04-27,486
2007-04-28,15
2007-04-30,299
2007-05-01,2
2007-05-02,1501
2007-05-03,1655
2007-05-04,362
2007-05-05,6
2007-05-06,3
2007-05-07,380
2007-05-08,2121
2007-05-09,2548
2007-05-10,2988
2007-05-11,350
2007-05-12,1
2007-05-14,349
2007-05-15,999
2007-05-16,2772
2007-05-17,2203
2007-05-18,319
2007-05-19,1
2007-05-21,646
2007-05-22,2253
2007-05-23,2626
2007-05-24,2839
2007-05-25,747
2007-05-26,1
2007-05-27,1
2007-05-28,466
2007-05-29,609
2007-05-30,2878
2007-05-31,3226
2007-06-01,290
2007-06-02,2
2007-06-04,454
2007-06-05,2324
2007-06-06,2445
2007-06-07,1
2007-06-08,265
2007-06-09,1
2007-06-10,1
2007-06-11,313
2007-06-12,479
2007-06-13,2905
2007-06-14,3640
2007-06-15,667
2007-06-16,1
2007-06-18,362
2007-06-19,2262
2007-06-20,2496
2007-06-21,2064
2007-06-22,345
2007-06-24,1
2007-06-25,630
2007-06-26,1009
2007-06-27,3029
2007-06-28,3999
2007-06-29,648
2007-06-30,1
2007-07-02,310
2007-07-03,2014
2007-07-04,1679
2007-07-05,1453
2007-07-06,423
2007-07-07,1
2007-07-08,4
2007-07-09,318
2007-07-10,980
2007-07-11,1667
2007-07-12,2982
2007-07-13,505
2007-07-14,4
2007-07-15,5
2007-07-16,481
2007-07-17,2139
2007-07-18,2286
2007-07-19,1229
2007-07-20,272
2007-07-22,4
2007-07-23,933
2007-07-24,1396
2007-07-25,854
2007-07-26,2160
2007-07-27,454
2007-07-28,8
2007-07-29,2
2007-07-30,369
2007-07-31,1869
2007-08-01,1455
2007-08-02,835
2007-08-03,299
2007-08-05,1
2007-08-06,402
2007-08-07,848
2007-08-08,3175
2007-08-09,3219
2007-08-10,378
2007-08-11,2
2007-08-12,13
2007-08-13,625
2007-08-14,2130
2007-08-15,3435
2007-08-16,2259
2007-08-17,498
2007-08-18,7
2007-08-20,442
2007-08-21,1491
2007-08-22,2643
2007-08-23,2036
2007-08-24,410
2007-08-25,3
2007-08-26,1
2007-08-27,568
2007-08-28,2837
2007-08-29,2762
2007-08-30,3577
2007-08-31,425
2007-09-01,2
2007-09-03,620
2007-09-04,570
2007-09-05,2740
2007-09-06,2642
2007-09-07,9
2007-09-09,10
2007-09-10,287
2007-09-11,2427
2007-09-12,2454
2007-09-13,2954
2007-09-14,793
2007-09-15,2
2007-09-16,3
2007-09-17,633
2007-09-18,816
2007-09-19,2380
2007-09-21,291
2007-09-22,1
2007-09-23,5
2007-09-24,360
2007-09-25,3005
2007-09-26,2837
2007-09-27,3774
2007-09-28,543
2007-09-29,13
2007-10-01,435
2007-10-02,507
2007-10-03,1414
2007-10-04,2369
2007-10-05,618
2007-10-06,2
2007-10-07,1
2007-10-08,485
2007-10-09,2385
2007-10-10,2843
2007-10-11,2323
2007-10-12,18
2007-10-14,1
2007-10-15,403
2007-10-16,842
2007-10-17,2391
2007-10-18,2417
2007-10-19,607
2007-10-21,1
2007-10-22,512
2007-10-23,2635
2007-10-24,2854
2007-10-25,3372
2007-10-26,369
2007-10-27,7
2007-10-28,20
2007-10-29,603
2007-10-30,1037
2007-10-31,2615
2007-11-01,1328
2007-11-02,1
2007-11-04,3
2007-11-05,309
2007-11-06,3104
2007-11-07,2322
2007-11-08,2757
2007-11-09,689
2007-11-10,12
2007-11-11,2
2007-11-12,555
2007-11-13,1495
2007-11-14,1818
2007-11-15,5
2007-11-16,246
2007-11-17,19
2007-11-18,11
2007-11-19,379
2007-11-20,2288
2007-11-21,3282
2007-11-22,3493
2007-11-23,315
2007-11-24,4
2007-11-25,1
2007-11-26,803
2007-11-27,1031
2007-11-28,2714
2007-11-29,2872
2007-11-30,415
2007-12-01,2
2007-12-02,15
2007-12-03,409
2007-12-04,2816
2007-12-05,2658
2007-12-06,3056
2007-12-07,768
2007-12-08,2
2007-12-09,28
2007-12-10,531
2007-12-11,757
2007-12-12,3009
2007-12-13,2885
2007-12-14,645
2007-12-15,5
2007-12-16,8
2007-12-17,566
2007-12-18,4396
2007-12-19,5212
2007-12-20,455
2007-12-21,355
2007-12-22,3
2007-12-24,1
2007-12-26,385
2007-12-27,400
2007-12-28,275
2007-12-29,12
2008-01-02,147
2008-01-03,101
2008-01-04,73
2008-01-05,8
2008-01-07,78
2008-01-08,89
2008-01-09,172
2008-01-10,718
2008-01-11,158
2008-01-12,4
2008-01-13,3
2008-01-14,131
2008-01-15,1906
2008-01-16,243
2008-01-17,1163
2008-01-18,138
2008-01-19,5
2008-01-20,26
2008-01-21,299
2008-01-22,138
2008-01-23,995
2008-01-24,1446
2008-01-25,134
2008-01-27,5
2008-01-28,94
2008-01-29,968
2008-01-30,2418
2008-01-31,1120
2008-02-01,290
2008-02-02,1
2008-02-04,1
2008-02-05,2
2008-02-06,317
2008-02-07,352
2008-02-08,234
2008-02-09,1
2008-02-10,6
2008-02-11,442
2008-02-12,1239
2008-02-13,1388
2008-02-14,1965
2008-02-15,383
2008-02-16,8
2008-02-17,4
2008-02-18,540
2008-02-19,349
2008-02-20,2086
2008-02-21,1750
2008-02-22,350
2008-02-23,3
2008-02-24,10
2008-02-25,378
2008-02-26,1268
2008-02-27,2809
2008-02-28,3655
2008-02-29,365
2008-03-01,2
2008-03-02,9
2008-03-03,460
2008-03-04,699
2008-03-05,883
2008-03-06,1762
2008-03-07,788
2008-03-08,9
2008-03-10,367
2008-03-11,3195
2008-03-12,3514
2008-03-13,3492
2008-03-14,561
2008-03-15,3
2008-03-17,490
2008-03-18,652
2008-03-19,3165
2008-03-20,2093
2008-03-24,435
2008-03-25,2537
2008-03-26,2959
2008-03-27,3554
2008-03-28,565
2008-03-29,5
2008-03-30,37
2008-03-31,580
2008-04-01,762
2008-04-02,2282
2008-04-03,1366
2008-04-04,518
2008-04-05,35
2008-04-07,457
2008-04-08,2092
2008-04-09,2081
2008-04-10,3244
2008-04-11,406
2008-04-13,10
2008-04-14,520
2008-04-15,874
2008-04-16,2084
2008-04-17,2694
2008-04-18,389
2008-04-19,1
2008-04-20,13
2008-04-21,15
2008-04-22,2293
2008-04-23,2445
2008-04-24,3183
2008-04-25,564
2008-04-26,23
2008-04-27,3
2008-04-28,650
2008-04-29,1453
2008-04-30,3575
2008-05-01,2
2008-05-02,370
2008-05-03,4
2008-05-04,3
2008-05-05,464
2008-05-06,2265
2008-05-07,1970
2008-05-08,2734
2008-05-09,552
2008-05-10,1
2008-05-11,2
2008-05-12,480
2008-05-13,892
2008-05-14,3002
2008-05-15,3611
2008-05-16,679
2008-05-18,35
2008-05-19,477
2008-05-20,3425
2008-05-21,2983
2008-05-22,44
2008-05-23,369
2008-05-24,4
2008-05-25,7
2008-05-26,408
2008-05-27,1021
2008-05-28,3204
2008-05-29,3831
2008-05-30,408
2008-06-01,1
2008-06-02,543
2008-06-03,2702
2008-06-04,2459
2008-06-05,2900
2008-06-06,737
2008-06-07,6
2008-06-08,2
2008-06-09,512
2008-06-10,1120
2008-06-11,2638
2008-06-12,2945
2008-06-13,497
2008-06-14,31
2008-06-15,11
2008-06-16,503
2008-06-17,2873
2008-06-18,2144
2008-06-19,2583
2008-06-20,468
2008-06-21,2
2008-06-22,4
2008-06-23,366
2008-06-24,843
2008-06-25,4103
2008-06-26,3352
2008-06-27,552
2008-06-28,1
2008-06-29,62
2008-06-30,585
2008-07-01,2395
2008-07-02,2147
2008-07-03,1934
2008-07-04,652
2008-07-05,33
2008-07-06,12
2008-07-07,658
2008-07-08,757
2008-07-09,2783
2008-07-10,2319
2008-07-11,538
2008-07-12,16
2008-07-13,1
2008-07-14,367
2008-07-15,1597
2008-07-16,2380
2008-07-17,3207
2008-07-18,308
2008-07-19,5
2008-07-20,8
2008-07-21,283
2008-07-22,803
2008-07-23,1257
2008-07-24,2136
2008-07-25,349
2008-07-26,5
2008-07-27,43
2008-07-28,441
2008-07-29,1728
2008-07-30,2562
2008-07-31,2453
2008-08-01,1021
2008-08-02,5
2008-08-03,46
2008-08-04,510
2008-08-05,1022
2008-08-06,3092
2008-08-07,3333
2008-08-08,506
2008-08-09,18
2008-08-10,26
2008-08-11,619
2008-08-12,3885
2008-08-13,3408
2008-08-14,2919
2008-08-15,1060
2008-08-16,1
2008-08-17,2
2008-08-18,609
2008-08-19,1326
2008-08-20,4052
2008-08-21,3322
2008-08-22,921
2008-08-23,10
2008-08-24,4
2008-08-25,745
2008-08-26,4432
2008-08-27,3766
2008-08-28,3974
2008-08-29,776
2008-08-30,2
2008-09-01,497
2008-09-02,792
2008-09-03,1842
2008-09-04,2219
2008-09-05,763
2008-09-08,391
2008-09-09,2627
2008-09-10,3678
2008-09-11,3573
2008-09-12,432
2008-09-13,1
2008-09-14,17
2008-09-15,753
2008-09-16,821
2008-09-17,2622
2008-09-18,2826
2008-09-19,591
2008-09-20,2
2008-09-21,4
2008-09-22,428
2008-09-23,2787
2008-09-24,4210
2008-09-25,3844
2008-09-26,683
2008-09-27,4
2008-09-28,5
2008-09-29,682
2008-09-30,1176
2008-10-01,1970
2008-10-02,2520
2008-10-03,513
2008-10-04,5
2008-10-05,1
2008-10-06,522
2008-10-07,1637
2008-10-08,2982
2008-10-09,2590
2008-10-10,751
2008-10-11,1
2008-10-12,2
2008-10-13,607
2008-10-14,1099
2008-10-15,3396
2008-10-16,2968
2008-10-17,452
2008-10-18,1
2008-10-19,17
2008-10-20,501
2008-10-21,3618
2008-10-22,4352
2008-10-23,3146
2008-10-24,502
2008-10-27,717
2008-10-28,1574
2008-10-29,4635
2008-10-30,4073
2008-10-31,714
2008-11-01,1
2008-11-03,548
2008-11-04,2708
2008-11-05,2543
2008-11-06,2776
2008-11-07,845
2008-11-08,5
2008-11-09,1
2008-11-10,672
2008-11-11,1534
2008-11-12,3110
2008-11-13,3095
2008-11-14,515
2008-11-15,4
2008-11-17,741
2008-11-18,1509
2008-11-19,3755
2008-11-20,2485
2008-11-21,646
2008-11-23,17
2008-11-24,971
2008-11-25,3252
2008-11-26,3975
2008-11-27,3478
2008-11-28,573
2008-11-29,2
2008-12-01,859
2008-12-02,1461
2008-12-03,2572
2008-12-04,2651
2008-12-05,812
2008-12-06,1
2008-12-07,12
2008-12-08,9
2008-12-09,3011
2008-12-10,2729
2008-12-11,3582
2008-12-12,581
2008-12-13,3
2008-12-14,4
2008-12-15,652
2008-12-16,1623
2008-12-17,4343
2008-12-18,5463
2008-12-19,671
2008-12-20,38
2008-12-21,2
2008-12-22,745
2008-12-23,621
2008-12-24,19
2008-12-26,14
2008-12-27,1
2008-12-28,6
2008-12-29,440
2008-12-30,614
2008-12-31,9
2009-01-04,6
2009-01-05,327
2009-01-06,338
2009-01-07,455
2009-01-08,371
2009-01-09,361
2009-01-10,7
2009-01-11,41
2009-01-12,284
2009-01-13,341
2009-01-14,1725
2009-01-15,832
2009-01-16,328
2009-01-17,19
2009-01-18,4
2009-01-19,336
2009-01-20,362
2009-01-21,1809
2009-01-22,2147
2009-01-23,373
2009-01-24,12
2009-01-25,8
2009-01-26,245
2009-01-27,1143
2009-01-28,2725
2009-01-29,2692
2009-01-30,913
2009-02-01,2
2009-02-02,9
2009-02-03,169
2009-02-04,771
2009-02-05,998
2009-02-06,492
2009-02-07,2
2009-02-08,1
2009-02-09,317
2009-02-10,334
2009-02-11,1207
2009-02-12,930
2009-02-13,357
2009-02-14,3
2009-02-15,3
2009-02-16,366
2009-02-17,759
2009-02-18,4253
2009-02-19,4575
2009-02-20,444
2009-02-21,2
2009-02-22,1
2009-02-23,33
2009-02-24,16
2009-02-25,506
2009-02-26,440
2009-02-27,466
2009-02-28,4
2009-03-01,1
2009-03-02,466
2009-03-03,379
2009-03-04,717
2009-03-05,2165
2009-03-06,605
2009-03-08,24
2009-03-09,745
2009-03-10,3142
2009-03-11,4158
2009-03-12,4567
2009-03-13,641
2009-03-14,31
2009-03-16,478
2009-03-17,1024
2009-03-18,3631
2009-03-19,4040
2009-03-20,639
2009-03-21,2
2009-03-22,43
2009-03-23,643
2009-03-24,2066
2009-03-25,4292
2009-03-26,4824
2009-03-27,723
2009-03-28,7
2009-03-29,16
2009-03-30,718
2009-03-31,2235
2009-04-01,2994
2009-04-02,2354
2009-04-03,711
2009-04-04,12
2009-04-05,11
2009-04-06,773
2009-04-07,2723
2009-04-08,2539
2009-04-09,1751
2009-04-10,5
2009-04-11,1
2009-04-12,2
2009-04-13,662
2009-04-14,1459
2009-04-15,3176
2009-04-16,4400
2009-04-17,576
2009-04-18,1
2009-04-19,1
2009-04-20,478
2009-04-21,11
2009-04-22,1932
2009-04-23,3280
2009-04-24,483
2009-04-25,4
2009-04-27,776
2009-04-28,2779
2009-04-29,4213
2009-04-30,4976
2009-05-02,8
2009-05-03,2
2009-05-04,544
2009-05-05,922
2009-05-06,2842
2009-05-07,1846
2009-05-08,1298
2009-05-09,3
2009-05-10,5
2009-05-11,574
2009-05-12,1425
2009-05-13,2484
2009-05-14,2876
2009-05-15,519
2009-05-16,8
2009-05-17,2
2009-05-18,654
2009-05-19,1482
2009-05-20,2918
2009-05-21,2680
2009-05-22,442
2009-05-23,40
2009-05-24,9
2009-05-25,624
2009-05-26,1957
2009-05-27,3930
2009-05-28,4840
2009-05-29,709
2009-05-30,9
2009-06-01,435
2009-06-02,2691
2009-06-03,2074
2009-06-04,3010
2009-06-05,823
2009-06-06,6
2009-06-08,629
2009-06-09,1729
2009-06-10,3341
2009-06-11,29
2009-06-12,481
2009-06-13,3
2009-06-14,31
2009-06-15,643
2009-06-16,1682
2009-06-17,2909
2009-06-18,4486
2009-06-19,650
2009-06-20,2
2009-06-22,838
2009-06-23,1892
2009-06-24,4346
2009-06-25,4701
2009-06-26,927
2009-06-27,8
2009-06-28,18
2009-06-29,788
2009-06-30,2072
2009-07-01,1829
2009-07-02,2601
2009-07-03,737
2009-07-04,9
2009-07-05,1
2009-07-06,650
2009-07-07,3017
2009-07-08,3469
2009-07-09,3010
2009-07-10,595
2009-07-11,12
2009-07-12,83
2009-07-13,610
2009-07-14,793
2009-07-15,2301
2009-07-16,2720
2009-07-17,756
2009-07-19,52
2009-07-20,693
2009-07-21,2038
2009-07-22,1587
2009-07-23,2388
2009-07-24,346
2009-07-25,3
2009-07-27,506
2009-07-28,568
2009-07-29,3798
2009-07-30,2629
2009-07-31,770
2009-08-01,2
2009-08-02,3
2009-08-03,779
2009-08-04,1961
2009-08-05,2039
2009-08-06,3251
2009-08-07,548
2009-08-08,2
2009-08-09,50
2009-08-10,605
2009-08-11,2459
2009-08-12,4214
2009-08-13,4091
2009-08-14,757
2009-08-15,10
2009-08-16,17
2009-08-17,541
2009-08-18,2363
2009-08-19,2969
2009-08-20,4261
2009-08-21,723
2009-08-22,2
2009-08-23,2
2009-08-24,692
2009-08-25,799
2009-08-26,4258
2009-08-27,4138
2009-08-28,609
2009-08-30,6
2009-08-31,670
2009-09-01,2680
2009-09-02,2730
2009-09-03,1615
2009-09-04,474
2009-09-07,1
2009-09-08,542
2009-09-09,2727
2009-09-10,4827
2009-09-11,623
2009-09-12,16
2009-09-13,2
2009-09-14,649
2009-09-15,2941
2009-09-16,2849
2009-09-17,3831
2009-09-18,550
2009-09-19,11
2009-09-20,3
2009-09-21,387
2009-09-22,592
2009-09-23,3193
2009-09-24,4831
2009-09-25,483
2009-09-26,17
2009-09-27,6
2009-09-28,665
2009-09-29,2420
2009-09-30,4001
2009-10-01,1841
2009-10-02,546
2009-10-03,19
2009-10-04,3
2009-10-05,492
2009-10-06,1393
2009-10-07,2917
2009-10-08,4776
2009-10-09,692
2009-10-10,1
2009-10-12,23
2009-10-13,510
2009-10-14,2739
2009-10-15,3436
2009-10-16,594
2009-10-17,4
2009-10-18,12
2009-10-19,644
2009-10-20,2482
2009-10-21,2311
2009-10-22,4395
2009-10-23,362
2009-10-24,2
2009-10-25,1
2009-10-26,599
2009-10-27,1598
2009-10-28,3565
2009-10-29,4114
2009-10-30,617
2009-10-31,12
2009-11-01,7
2009-11-02,9
2009-11-03,658
2009-11-04,2035
2009-11-05,2202
2009-11-06,740
2009-11-07,5
2009-11-08,4
2009-11-09,548
2009-11-10,3411
2009-11-11,4295
2009-11-12,4518
2009-11-13,634
2009-11-14,8
2009-11-15,15
2009-11-16,546
2009-11-17,867
2009-11-18,2928
2009-11-19,2796
2009-11-20,439
2009-11-21,13
2009-11-22,3
2009-11-23,486
2009-11-24,2993
2009-11-25,3808
2009-11-26,4460
2009-11-27,565
2009-11-28,39
2009-11-29,53
2009-11-30,750
2009-12-01,650
2009-12-02,3219
2009-12-03,2289
2009-12-04,420
2009-12-05,1
2009-12-06,1
2009-12-07,507
2009-12-08,13
2009-12-09,2382
2009-12-10,2926
2009-12-11,499
2009-12-12,11
2009-12-13,16
2009-12-14,676
2009-12-15,3448
2009-12-16,5060
2009-12-17,5266
2009-12-18,1851
2009-12-19,27
2009-12-20,4
2009-12-21,639
2009-12-22,618
2009-12-23,566
2009-12-24,4
2009-12-25,4
2009-12-26,1
2009-12-27,3
2009-12-28,732
2009-12-29,558
2009-12-30,503
2009-12-31,12
2010-01-03,1
2010-01-04,247
2010-01-05,232
2010-01-06,301
2010-01-07,385
2010-01-08,303
2010-01-09,1
2010-01-11,260
2010-01-12,358
2010-01-13,1540
2010-01-14,1453
2010-01-15,304
2010-01-16,6
2010-01-17,18
2010-01-18,427
2010-01-19,2753
2010-01-20,1280
2010-01-21,1480
2010-01-22,439
2010-01-23,4
2010-01-24,3
2010-01-25,658
2010-01-26,1081
2010-01-27,4639
2010-01-28,4138
2010-01-29,644
2010-01-30,4
2010-01-31,23
2010-02-01,488
2010-02-02,2
2010-02-03,619
2010-02-04,694
2010-02-05,343
2010-02-06,2
2010-02-07,3
2010-02-08,442
2010-02-09,313
2010-02-10,963
2010-02-11,2931
2010-02-12,333
2010-02-14,4
2010-02-15,9
2010-02-17,317
2010-02-18,480
2010-02-19,398
2010-02-20,3
2010-02-22,474
2010-02-23,2299
2010-02-24,4207
2010-02-25,4960
2010-02-26,566
2010-02-27,10
2010-02-28,4
2010-03-01,418
2010-03-02,386
2010-03-03,1127
2010-03-04,748
2010-03-05,327
2010-03-06,2
2010-03-08,849
2010-03-09,998
2010-03-10,3932
2010-03-11,4824
2010-03-12,562
2010-03-13,173
2010-03-14,1
2010-03-15,740
2010-03-16,2275
2010-03-17,2601
2010-03-18,2834
2010-03-19,437
2010-03-20,2
2010-03-21,14
2010-03-22,608
2010-03-23,2775
2010-03-24,3817
2010-03-25,4675
2010-03-26,1175
2010-03-27,13
2010-03-28,3
2010-03-29,853
2010-03-30,2800
2010-03-31,3914
2010-04-01,940
2010-04-02,10
2010-04-03,19
2010-04-04,18
2010-04-05,550
2010-04-06,1418
2010-04-07,3236
2010-04-08,4867
2010-04-09,684
2010-04-10,19
2010-04-11,5
2010-04-12,538
2010-04-13,1264
2010-04-14,2952
2010-04-15,2878
2010-04-16,588
2010-04-17,5
2010-04-18,1
2010-04-19,538
2010-04-20,1794
2010-04-21,3
2010-04-22,2207
2010-04-23,777
2010-04-24,1
2010-04-25,3
2010-04-26,976
2010-04-27,1742
2010-04-28,4819
2010-04-29,5412
2010-04-30,625
2010-05-03,1399
2010-05-04,1607
2010-05-05,2490
2010-05-06,2936
2010-05-07,702
2010-05-08,6
2010-05-09,5
2010-05-10,656
2010-05-11,1624
2010-05-12,3404
2010-05-13,4000
2010-05-14,515
2010-05-15,1
2010-05-16,2
2010-05-17,556
2010-05-18,2188
2010-05-19,3296
2010-05-20,3326
2010-05-21,675
2010-05-22,7
2010-05-23,4
2010-05-24,445
2010-05-25,2443
2010-05-26,4420
2010-05-27,4700
2010-05-28,1713
2010-05-29,8
2010-05-30,7
2010-05-31,1686
2010-06-01,406
2010-06-02,1538
2010-06-03,35
2010-06-04,436
2010-06-05,17
2010-06-06,16
2010-06-07,390
2010-06-08,827
2010-06-09,4199
2010-06-10,5043
2010-06-11,605
2010-06-12,1
2010-06-14,578
2010-06-15,652
2010-06-16,1474
2010-06-17,3701
2010-06-18,515
2010-06-20,2
2010-06-21,517
2010-06-22,3042
2010-06-23,3083
2010-06-24,4836
2010-06-25,518
2010-06-26,5
2010-06-27,35
2010-06-28,501
2010-06-29,857
2010-06-30,3742
2010-07-01,2789
2010-07-02,407
2010-07-04,9
2010-07-05,1539
2010-07-06,1725
2010-07-07,1933
2010-07-08,4631
2010-07-09,470
2010-07-10,12
2010-07-11,1
2010-07-12,670
2010-07-13,695
2010-07-14,2818
2010-07-15,2089
2010-07-16,619
2010-07-17,2
2010-07-18,7
2010-07-19,1115
2010-07-20,1926
2010-07-21,2030
2010-07-22,2969
2010-07-23,334
2010-07-24,5
2010-07-25,6
2010-07-26,655
2010-07-27,560
2010-07-28,4403
2010-07-29,4095
2010-07-30,800
2010-07-31,3
2010-08-01,2
2010-08-02,1476
2010-08-03,495
2010-08-04,1407
2010-08-05,1872
2010-08-06,371
2010-08-07,25
2010-08-08,7
2010-08-09,387
2010-08-10,2059
2010-08-11,2682
2010-08-12,4201
2010-08-13,560
2010-08-14,5
2010-08-15,27
2010-08-16,667
2010-08-17,1219
2010-08-18,2876
2010-08-19,3654
2010-08-20,528
2010-08-21,26
2010-08-22,6
2010-08-23,629
2010-08-24,3207
2010-08-25,4487
2010-08-26,5165
2010-08-27,683
2010-08-28,5
2010-08-29,5
2010-08-30,760
2010-08-31,821
2010-09-01,2723
2010-09-02,2130
2010-09-03,548
2010-09-04,1
2010-09-05,3
2010-09-06,340
2010-09-08,760
2010-09-09,3079
2010-09-10,625
2010-09-11,5
2010-09-12,12
2010-09-13,1074
2010-09-14,1476
2010-09-15,4054
2010-09-16,2482
2010-09-17,397
2010-09-18,29
2010-09-19,13
2010-09-20,14
2010-09-21,2450
2010-09-22,2772
2010-09-23,2827
2010-09-24,856
2010-09-25,2
2010-09-26,23
2010-09-27,686
2010-09-28,680
2010-09-29,3665
2010-09-30,5201
2010-10-01,720
2010-10-02,4
2010-10-03,11
2010-10-04,978
2010-10-05,2516
2010-10-06,2838
2010-10-07,2157
2010-10-08,544
2010-10-09,1
2010-10-10,4
2010-10-11,287
2010-10-12,1
2010-10-13,1593
2010-10-14,4065
2010-10-15,759
2010-10-17,6
2010-10-18,595
2010-10-19,1990
2010-10-20,2978
2010-10-21,3193
2010-10-22,477
2010-10-23,20
2010-10-24,6
2010-10-25,596
2010-10-26,2413
2010-10-27,4154
2010-10-28,4802
2010-10-29,866
2010-10-30,27
2010-10-31,9
2010-11-01,660
2010-11-02,1
2010-11-03,1069
2010-11-04,3127
2010-11-05,608
2010-11-06,9
2010-11-07,9
2010-11-08,815
2010-11-09,2602
2010-11-10,3704
2010-11-11,3611
2010-11-12,496
2010-11-13,7
2010-11-15,39
2010-11-16,544
2010-11-17,3306
2010-11-18,3460
2010-11-19,394
2010-11-20,11
2010-11-21,6
2010-11-22,713
2010-11-23,3676
2010-11-24,4097
2010-11-25,4518
2010-11-26,638
2010-11-27,18
2010-11-28,6
2010-11-29,571
2010-11-30,677
2010-12-01,3190
2010-12-02,2747
2010-12-03,744
2010-12-04,11
2010-12-05,1
2010-12-06,835
2010-12-07,2493
2010-12-08,37
2010-12-09,2529
2010-12-10,685
2010-12-11,23
2010-12-12,4
2010-12-13,781
2010-12-14,2804
2010-12-15,5550
2010-12-16,5761
2010-12-17,2125
2010-12-18,3
2010-12-19,10
2010-12-20,915
2010-12-21,708
2010-12-22,578
2010-12-23,491
2010-12-24,12
2010-12-25,7
2010-12-26,9
2010-12-27,611
2010-12-28,488
2010-12-29,440
2010-12-30,398
2010-12-31,1
2011-01-01,1
2011-01-03,199
2011-01-04,201
2011-01-05,259
2011-01-06,204
2011-01-07,204
2011-01-10,174
2011-01-11,187
2011-01-12,725
2011-01-13,2150
2011-01-14,219
2011-01-15,4
2011-01-17,351
2011-01-18,344
2011-01-19,1401
2011-01-20,608
2011-01-21,295
2011-01-24,321
2011-01-25,2343
2011-01-26,4485
2011-01-27,3844
2011-01-28,948
2011-01-30,8
2011-01-31,535
2011-02-01,654
2011-02-02,33
2011-02-03,1133
2011-02-04,285
2011-02-07,469
2011-02-08,557
2011-02-09,2422
2011-02-10,1569
2011-02-11,297
2011-02-12,10
2011-02-13,3
2011-02-14,466
2011-02-15,314
2011-02-16,1069
2011-02-17,3131
2011-02-18,249
2011-02-19,3
2011-02-20,11
2011-02-21,257
2011-02-22,3643
2011-02-23,4442
2011-02-24,4888
2011-02-25,427
2011-02-26,26
2011-02-27,18
2011-02-28,786
2011-03-01,423
2011-03-02,1560
2011-03-03,1212
2011-03-04,401
2011-03-05,16
2011-03-06,6
2011-03-08,1
2011-03-09,534
2011-03-10,535
2011-03-11,599
2011-03-12,26
2011-03-13,14
2011-03-14,568
2011-03-15,1367
2011-03-16,3589
2011-03-17,4924
2011-03-18,720
2011-03-19,14
2011-03-20,4
2011-03-21,396
2011-03-22,841
2011-03-23,3335
2011-03-24,2724
2011-03-25,601
2011-03-26,30
2011-03-27,24
2011-03-28,591
2011-03-29,3275
2011-03-30,4200
2011-03-31,5265
2011-04-01,652
2011-04-02,1
2011-04-03,55
2011-04-04,590
2011-04-05,746
2011-04-06,2315
2011-04-07,3101
2011-04-08,647
2011-04-09,7
2011-04-10,10
2011-04-11,591
2011-04-12,1112
2011-04-13,3688
2011-04-14,4765
2011-04-15,536
2011-04-16,7
2011-04-17,36
2011-04-18,754
2011-04-19,3229
2011-04-20,2709
2011-04-21,7
2011-04-22,4
2011-04-24,14
2011-04-25,559
2011-04-26,432
2011-04-27,3839
2011-04-28,5414
2011-04-29,628
2011-04-30,1
2011-05-01,26
2011-05-02,623
2011-05-03,1115
2011-05-04,2767
2011-05-05,1785
2011-05-06,743
2011-05-07,5
2011-05-08,4
2011-05-09,678
2011-05-10,489
2011-05-11,3060
2011-05-12,4389
2011-05-13,623
2011-05-14,4
2011-05-15,7
2011-05-16,538
2011-05-17,498
2011-05-18,2997
2011-05-19,2159
2011-05-20,931
2011-05-21,5
2011-05-22,5
2011-05-23,557
2011-05-24,3683
2011-05-25,3730
2011-05-26,4732
2011-05-27,523
2011-05-28,15
2011-05-29,24
2011-05-30,740
2011-05-31,718
2011-06-01,2492
2011-06-02,2413
2011-06-03,477
2011-06-04,2
2011-06-05,3
2011-06-06,708
2011-06-07,1142
2011-06-08,3152
2011-06-09,4314
2011-06-10,661
2011-06-11,11
2011-06-12,1
2011-06-13,567
2011-06-14,2977
2011-06-15,2160
2011-06-16,3186
2011-06-17,719
2011-06-18,9
2011-06-19,6
2011-06-20,641
2011-06-21,499
2011-06-22,3623
2011-06-23,16
2011-06-24,336
2011-06-25,4
2011-06-26,8
2011-06-27,618
2011-06-28,2075
2011-06-29,4057
2011-06-30,5465
2011-07-01,680
2011-07-02,3
2011-07-03,31
2011-07-04,609
2011-07-05,2411
2011-07-06,3072
2011-07-07,2624
2011-07-08,340
2011-07-09,10
2011-07-10,26
2011-07-11,401
2011-07-12,1414
2011-07-13,3576
2011-07-14,3929
2011-07-15,539
2011-07-16,7
2011-07-17,3
2011-07-18,366
2011-07-19,422
2011-07-20,3493
2011-07-21,727
2011-07-22,348
2011-07-23,12
2011-07-24,4
2011-07-25,665
2011-07-26,1418
2011-07-27,3051
2011-07-28,5069
2011-07-29,717
2011-07-30,7
2011-08-01,504
2011-08-02,427
2011-08-03,1312
2011-08-04,1773
2011-08-05,547
2011-08-06,2
2011-08-07,12
2011-08-08,590
2011-08-09,2737
2011-08-10,3366
2011-08-11,4909
2011-08-12,2163
2011-08-13,10
2011-08-14,4
2011-08-15,618
2011-08-16,1517
2011-08-17,1771
2011-08-18,2281
2011-08-19,531
2011-08-20,5
2011-08-21,5
2011-08-22,394
2011-08-23,2377
2011-08-24,3993
2011-08-25,5369
2011-08-26,637
2011-08-27,9
2011-08-28,4
2011-08-29,646
2011-08-30,2173
2011-08-31,3911
2011-09-01,1906
2011-09-02,629
2011-09-03,3
2011-09-04,18
2011-09-05,698
2011-09-06,442
2011-09-07,11
2011-09-08,3349
2011-09-09,471
2011-09-10,13
2011-09-11,18
2011-09-12,688
2011-09-13,2862
2011-09-14,4809
2011-09-15,4452
2011-09-16,443
2011-09-17,9
2011-09-18,38
2011-09-19,377
2011-09-20,22
2011-09-21,2135
2011-09-22,3138
2011-09-23,484
2011-09-24,10
2011-09-25,8
2011-09-26,828
2011-09-27,3004
2011-09-28,4826
2011-09-29,4175
2011-09-30,821
2011-10-01,22
2011-10-02,62
2011-10-03,499
2011-10-04,1602
2011-10-05,1632
2011-10-06,2780
2011-10-07,988
2011-10-08,7
2011-10-09,15
2011-10-10,473
2011-10-11,1117
2011-10-12,12
2011-10-13,3036
2011-10-14,535
2011-10-15,8
2011-10-16,14
2011-10-17,1109
2011-10-18,2240
2011-10-19,4845
2011-10-20,3422
2011-10-21,708
2011-10-22,13
2011-10-23,27
2011-10-24,550
2011-10-25,1800
2011-10-26,3670
2011-10-27,5041
2011-10-28,607
2011-10-29,12
2011-10-30,86
2011-10-31,923
2011-11-01,2071
2011-11-02,9
2011-11-03,1601
2011-11-04,482
2011-11-05,20
2011-11-06,16
2011-11-07,525
2011-11-08,806
2011-11-09,3908
2011-11-10,4474
2011-11-11,1044
2011-11-12,5
2011-11-13,12
2011-11-14,421
2011-11-15,9
2011-11-16,956
2011-11-17,1532
2011-11-18,534
2011-11-19,6
2011-11-20,18
2011-11-21,467
2011-11-22,2795
2011-11-23,4646
2011-11-24,5265
2011-11-25,537
2011-11-26,1
2011-11-27,1
2011-11-28,794
2011-11-29,506
2011-11-30,3582
2011-12-01,3034
2011-12-02,775
2011-12-03,14
2011-12-04,2
2011-12-05,557
2011-12-06,2296
2011-12-07,3832
2011-12-08,56
2011-12-09,455
2011-12-10,7
2011-12-11,20
2011-12-12,387
2011-12-13,2734
2011-12-14,5360
2011-12-15,5943
2011-12-16,936
2011-12-17,28
2011-12-18,59
2011-12-19,2816
2011-12-20,755
2011-12-21,839
2011-12-22,668
2011-12-23,35
2011-12-24,6
2011-12-25,10
2011-12-26,806
2011-12-27,749
2011-12-28,617
2011-12-29,456
2011-12-30,3
2012-01-01,2
2012-01-02,205
2012-01-03,309
2012-01-04,247
2012-01-05,288
2012-01-06,142
2012-01-08,3
2012-01-09,211
2012-01-10,245
2012-01-11,224
2012-01-12,203
2012-01-13,209
2012-01-14,8
2012-01-15,22
2012-01-16,295
2012-01-17,183
2012-01-18,528
2012-01-19,1338
2012-01-20,377
2012-01-21,22
2012-01-22,34
2012-01-23,304
2012-01-24,2392
2012-01-25,3470
2012-01-26,3848
2012-01-27,297
2012-01-28,5
2012-01-29,6
2012-01-30,740
2012-01-31,1016
2012-02-01,693
2012-02-02,110
2012-02-03,451
2012-02-04,3
2012-02-05,19
2012-02-06,339
2012-02-07,405
2012-02-08,406
2012-02-09,1178
2012-02-10,350
2012-02-11,1
2012-02-12,18
2012-02-13,995
2012-02-14,2328
2012-02-15,2890
2012-02-16,4635
2012-02-17,384
2012-02-18,4
2012-02-19,6
2012-02-20,1
2012-02-21,2
2012-02-22,357
2012-02-23,780
2012-02-24,349
2012-02-25,9
2012-02-26,5
2012-02-27,725
2012-02-28,2306
2012-02-29,4624
2012-03-01,919
2012-03-02,454
2012-03-03,10
2012-03-05,678
2012-03-06,411
2012-03-07,1950
2012-03-08,2380
2012-03-09,607
2012-03-10,39
2012-03-11,33
2012-03-12,707
2012-03-13,3588
2012-03-14,818
2012-03-15,5180
2012-03-16,733
2012-03-18,7
2012-03-19,504
2012-03-20,627
2012-03-21,4513
2012-03-22,3732
2012-03-23,976
2012-03-24,2
2012-03-25,5
2012-03-26,722
2012-03-27,3113
2012-03-28,4494
2012-03-29,4811
2012-03-30,796
2012-03-31,16
2012-04-01,12
2012-04-02,665
2012-04-03,623
2012-04-04,2680
2012-04-05,465
2012-04-06,2
2012-04-07,9
2012-04-08,15
2012-04-09,693
2012-04-10,699
2012-04-11,2566
2012-04-12,5299
2012-04-13,844
2012-04-14,8
2012-04-15,9
2012-04-16,609
2012-04-17,3040
2012-04-18,2870
2012-04-19,3562
2012-04-20,553
2012-04-21,34
2012-04-22,18
2012-04-23,884
2012-04-24,801
2012-04-25,4621
2012-04-26,4797
2012-04-27,662
2012-04-28,27
2012-04-29,11
2012-04-30,626
2012-05-01,8
2012-05-02,1045
2012-05-03,2153
2012-05-04,581
2012-05-05,20
2012-05-06,51
2012-05-07,607
2012-05-08,1946
2012-05-09,3484
2012-05-10,2990
2012-05-11,581
2012-05-12,10
2012-05-13,14
2012-05-14,585
2012-05-15,1778
2012-05-16,2945
2012-05-17,4547
2012-05-18,494
2012-05-19,27
2012-05-20,28
2012-05-21,691
2012-05-22,2478
2012-05-23,2361
2012-05-24,4640
2012-05-25,517
2012-05-26,6
2012-05-27,3
2012-05-28,641
2012-05-29,1685
2012-05-30,4109
2012-05-31,4806
2012-06-01,650
2012-06-02,21
2012-06-03,10
2012-06-04,689
2012-06-05,999
2012-06-06,3066
2012-06-07,34
2012-06-08,337
2012-06-09,5
2012-06-10,40
2012-06-11,448
2012-06-12,2214
2012-06-13,2630
2012-06-14,5192
2012-06-15,724
2012-06-16,21
2012-06-17,23
2012-06-18,520
2012-06-19,843
2012-06-20,2966
2012-06-21,3860
2012-06-22,595
2012-06-24,8
2012-06-25,653
2012-06-26,3223
2012-06-27,4445
2012-06-28,5704
2012-06-29,950
2012-07-01,27
2012-07-02,593
2012-07-03,774
2012-07-04,1185
2012-07-05,2210
2012-07-06,552
2012-07-07,3
2012-07-08,47
2012-07-09,724
2012-07-10,1674
2012-07-11,1378
2012-07-12,4134
2012-07-13,537
2012-07-14,12
2012-07-15,7
2012-07-16,413
2012-07-17,902
2012-07-18,2911
2012-07-19,3280
2012-07-20,275
2012-07-21,3
2012-07-22,8
2012-07-23,549
2012-07-24,745
2012-07-25,3653
2012-07-26,3787
2012-07-27,569
2012-07-28,5
2012-07-29,65
2012-07-30,530
2012-07-31,691
2012-08-01,1198
2012-08-02,1320
2012-08-03,399
2012-08-05,6
2012-08-06,524
2012-08-07,368
2012-08-08,3935
2012-08-09,3516
2012-08-10,884
2012-08-12,3
2012-08-13,491
2012-08-14,3298
2012-08-15,3330
2012-08-16,3023
2012-08-17,715
2012-08-18,1
2012-08-19,6
2012-08-20,682
2012-08-21,599
2012-08-22,3013
2012-08-23,2764
2012-08-24,685
2012-08-25,36
2012-08-26,26
2012-08-27,523
2012-08-28,3174
2012-08-29,4697
2012-08-30,5206
2012-08-31,1234
2012-09-01,1
2012-09-02,29
2012-09-03,634
2012-09-04,410
2012-09-05,3729
2012-09-06,2066
2012-09-07,17
2012-09-08,13
2012-09-09,36
2012-09-10,437
2012-09-11,1959
2012-09-12,2428
2012-09-13,4905
2012-09-14,487
2012-09-15,14
2012-09-16,7
2012-09-17,666
2012-09-18,2578
2012-09-19,2275
2012-09-20,20
2012-09-21,379
2012-09-22,1
2012-09-23,37
2012-09-24,504
2012-09-25,1021
2012-09-26,3705
2012-09-27,4912
2012-09-28,1331
2012-09-29,6
2012-09-30,11
2012-10-01,726
2012-10-02,542
2012-10-03,3005
2012-10-04,1175
2012-10-05,1106
2012-10-06,7
2012-10-07,8
2012-10-08,458
2012-10-09,2899
2012-10-10,3083
2012-10-11,3483
2012-10-12,14
2012-10-13,18
2012-10-14,27
2012-10-15,559
2012-10-16,521
2012-10-17,3410
2012-10-18,3854
2012-10-19,518
2012-10-20,14
2012-10-21,12
2012-10-22,787
2012-10-23,3333
2012-10-24,3508
2012-10-25,4461
2012-10-26,489
2012-10-27,29
2012-10-28,89
2012-10-29,681
2012-10-30,663
2012-10-31,3900
2012-11-01,645
2012-11-02,28
2012-11-03,10
2012-11-04,35
2012-11-05,486
2012-11-06,622
2012-11-07,2304
2012-11-08,4175
2012-11-09,1255
2012-11-10,5
2012-11-11,7
2012-11-12,718
2012-11-13,2210
2012-11-14,3218
2012-11-15,56
2012-11-16,338
2012-11-17,11
2012-11-18,48
2012-11-19,547
2012-11-20,697
2012-11-21,3045
2012-11-22,4110
2012-11-23,596
2012-11-24,32
2012-11-25,12
2012-11-26,640
2012-11-27,1771
2012-11-28,4692
2012-11-29,4538
2012-11-30,734
2012-12-01,7
2012-12-02,6
2012-12-03,335
2012-12-04,735
2012-12-05,1930
2012-12-06,2959
2012-12-07,559
2012-12-08,18
2012-12-09,37
2012-12-10,620
2012-12-11,3065
2012-12-12,4165
2012-12-13,5241
2012-12-14,901
2012-12-15,10
2012-12-16,44
2012-12-17,1138
2012-12-18,2554
2012-12-19,5183
2012-12-20,777
2012-12-21,703
2012-12-22,40
2012-12-23,19
2012-12-24,14
2012-12-25,26
2012-12-26,359
2012-12-27,532
2012-12-28,629
2012-12-29,3
2012-12-30,2
2012-12-31,1
2013-01-01,1
2013-01-02,238
2013-01-03,153
2013-01-04,228
2013-01-06,2
2013-01-07,264
2013-01-08,294
2013-01-09,402
2013-01-10,160
2013-01-11,163
2013-01-12,2
2013-01-13,19
2013-01-14,304
2013-01-15,235
2013-01-16,242
2013-01-17,211
2013-01-18,267
2013-01-19,24
2013-01-20,9
2013-01-21,234
2013-01-22,222
2013-01-23,723
2013-01-24,1086
2013-01-25,203
2013-01-26,1
2013-01-27,3
2013-01-28,456
2013-01-29,3345
2013-01-30,4017
2013-01-31,2835
2013-02-01,799
2013-02-02,5
2013-02-03,13
2013-02-04,469
2013-02-05,334
2013-02-06,699
2013-02-07,2534
2013-02-08,392
2013-02-09,30
2013-02-10,3
2013-02-11,7
2013-02-12,10
2013-02-13,332
2013-02-14,384
2013-02-15,279
2013-02-17,1
2013-02-18,462
2013-02-19,1258
2013-02-20,1497
2013-02-21,1803
2013-02-22,260
2013-02-23,1
2013-02-24,1
2013-02-25,552
2013-02-26,638
2013-02-27,4391
2013-02-28,4808
2013-03-01,412
2013-03-02,12
2013-03-03,6
2013-03-04,505
2013-03-05,385
2013-03-06,1241
2013-03-07,1417
2013-03-08,810
2013-03-09,9
2013-03-10,4
2013-03-11,583
2013-03-12,3477
2013-03-13,3652
2013-03-14,3422
2013-03-15,750
2013-03-16,5
2013-03-17,10
2013-03-18,664
2013-03-19,526
2013-03-20,2568
2013-03-21,3936
2013-03-22,752
2013-03-23,52
2013-03-24,19
2013-03-25,1187
2013-03-26,3361
2013-03-27,5485
2013-03-28,3506
2013-03-29,4
2013-03-30,23
2013-03-31,9
2013-04-01,1678
2013-04-02,603
2013-04-03,1669
2013-04-04,2319
2013-04-05,898
2013-04-06,23
2013-04-07,15
2013-04-08,493
2013-04-09,1797
2013-04-10,3272
2013-04-11,3884
2013-04-12,925
2013-04-13,7
2013-04-14,3
2013-04-15,743
2013-04-16,884
2013-04-17,1189
2013-04-18,2812
2013-04-19,462
2013-04-20,29
2013-04-21,6
2013-04-22,601
2013-04-23,1098
2013-04-24,5136
2013-04-25,4623
2013-04-26,785
2013-04-27,10
2013-04-28,3
2013-04-29,810
2013-04-30,3116
2013-05-01,24
2013-05-02,1081
2013-05-03,489
2013-05-04,39
2013-05-05,10
2013-05-06,648
2013-05-07,1097
2013-05-08,3932
2013-05-09,2732
2013-05-10,528
2013-05-11,6
2013-05-12,1
2013-05-13,674
2013-05-14,2223
2013-05-15,2650
2013-05-16,3065
2013-05-17,605
2013-05-18,10
2013-05-19,3
2013-05-20,538
2013-05-21,1686
2013-05-22,1805
2013-05-23,5089
2013-05-24,655
2013-05-25,2
2013-05-26,29
2013-05-27,708
2013-05-28,1927
2013-05-29,5096
2013-05-30,87
2013-05-31,678
2013-06-01,25
2013-06-02,14
2013-06-03,666
2013-06-04,967
2013-06-05,2256
2013-06-06,2606
2013-06-07,594
2013-06-08,15
2013-06-09,18
2013-06-10,843
2013-06-11,767
2013-06-12,2522
2013-06-13,3708
2013-06-14,526
2013-06-15,4
2013-06-16,4
2013-06-17,613
2013-06-18,971
2013-06-19,3585
2013-06-20,3713
2013-06-21,614
2013-06-22,1
2013-06-23,15
2013-06-24,629
2013-06-25,3298
2013-06-26,4996
2013-06-27,4932
2013-06-28,828
2013-06-29,2
2013-06-30,79
2013-07-01,589
2013-07-02,903
2013-07-03,1101
2013-07-04,2087
2013-07-05,541
2013-07-06,12
2013-07-07,13
2013-07-08,684
2013-07-09,798
2013-07-10,3145
2013-07-11,113
2013-07-12,1293
2013-07-13,4
2013-07-14,42
2013-07-15,892
2013-07-16,432
2013-07-17,2057
2013-07-18,2419
2013-07-19,894
2013-07-20,4
2013-07-21,26
2013-07-22,559
2013-07-23,1423
2013-07-24,1980
2013-07-25,2872
2013-07-26,434
2013-07-27,7
2013-07-28,12
2013-07-29,639
2013-07-30,679
2013-07-31,5083
2013-08-01,2621
2013-08-02,558
2013-08-03,4
2013-08-04,30
2013-08-05,744
2013-08-06,3058
2013-08-07,2658
2013-08-08,2413
2013-08-09,592
2013-08-10,1
2013-08-11,17
2013-08-12,634
2013-08-13,847
2013-08-14,3332
2013-08-15,3245
2013-08-16,1243
2013-08-17,4
2013-08-18,30
2013-08-19,807
2013-08-20,2061
2013-08-21,1896
2013-08-22,4323
2013-08-23,623
2013-08-24,26
2013-08-25,32
2013-08-26,602
2013-08-27,966
2013-08-28,4396
2013-08-29,3533
2013-08-30,542
2013-08-31,3
2013-09-01,14
2013-09-02,651
2013-09-03,1245
2013-09-04,2575
2013-09-05,1607
2013-09-06,495
2013-09-07,5
2013-09-08,56
2013-09-09,532
2013-09-10,1823
2013-09-11,4425
2013-09-12,3570
2013-09-13,511
2013-09-14,39
2013-09-15,17
2013-09-16,788
2013-09-17,597
2013-09-18,2107
2013-09-19,2465
2013-09-21,1
2013-09-23,458
2013-09-24,2884
2013-09-25,4992
2013-09-26,3180
2013-09-27,643
2013-09-28,10
2013-09-29,93
2013-09-30,736
2013-10-01,617
2013-10-02,2879
2013-10-03,1369
2013-10-04,860
2013-10-05,6
2013-10-06,9
2013-10-07,951
2013-10-08,2842
2013-10-09,2664
2013-10-10,2211
2013-10-11,701
2013-10-12,8
2013-10-13,20
2013-10-14,541
2013-10-15,927
2013-10-16,2075
2013-10-17,2381
2013-10-18,975
2013-10-19,51
2013-10-20,2
2013-10-21,750
2013-10-22,1341
2013-10-23,2951
2013-10-24,4359
2013-10-25,850
2013-10-26,5
2013-10-27,8
2013-10-28,1249
2013-10-29,683
2013-10-30,4662
2013-10-31,4346
2013-11-01,536
2013-11-02,9
2013-11-03,13
2013-11-04,905
2013-11-05,937
2013-11-06,2179
2013-11-07,1342
2013-11-08,1029
2013-11-10,9
2013-11-11,384
2013-11-12,3368
2013-11-13,3415
2013-11-14,2922
2013-11-15,77
2013-11-16,16
2013-11-17,19
2013-11-18,500
2013-11-19,881
2013-11-20,2582
2013-11-21,3764
2013-11-22,774
2013-11-23,6
2013-11-24,48
2013-11-25,767
2013-11-26,1370
2013-11-27,4526
2013-11-28,5187
2013-11-29,711
2013-11-30,12
2013-12-02,789
2013-12-03,791
2013-12-04,2493
2013-12-05,2375
2013-12-06,591
2013-12-07,14
2013-12-08,1
2013-12-09,452
2013-12-10,2638
2013-12-11,2978
2013-12-12,2908
2013-12-13,740
2013-12-14,65
2013-12-15,95
2013-12-16,660
2013-12-17,1676
2013-12-18,5597
2013-12-19,5486
2013-12-20,1399
2013-12-21,2
2013-12-23,95
2013-12-24,1
2013-12-26,30
2013-12-27,10
2013-12-29,1
2013-12-30,9
2014-01-02,15
2014-01-03,4
2014-01-05,2
2014-01-06,247
2014-01-07,301
2014-01-08,199
2014-01-09,217
2014-01-10,154
2014-01-11,5
2014-01-12,1
2014-01-13,255
2014-01-14,219
2014-01-15,175
2014-01-16,223
2014-01-17,230
2014-01-20,165
2014-01-21,236
2014-01-22,415
2014-01-23,737
2014-01-24,300
2014-01-25,2
2014-01-26,2
2014-01-27,548
2014-01-28,2054
2014-01-29,4170
2014-01-30,4089
2014-01-31,1171
2014-02-02,3
2014-02-03,368
2014-02-04,523
2014-02-05,480
2014-02-06,325
2014-02-07,379
2014-02-08,39
2014-02-09,32
2014-02-10,434
2014-02-11,918
2014-02-12,737
2014-02-13,819
2014-02-14,310
2014-02-15,12
2014-02-16,4
2014-02-17,429
2014-02-18,2697
2014-02-19,621
2014-02-20,1381
2014-02-21,340
2014-02-22,11
2014-02-23,27
2014-02-24,870
2014-02-25,1395
2014-02-26,3821
2014-02-27,4934
2014-02-28,506
2014-03-01,13
2014-03-02,4
2014-03-03,64
2014-03-04,4
2014-03-05,637
2014-03-06,469
2014-03-07,501
2014-03-08,4
2014-03-09,4
2014-03-10,529
2014-03-11,2076
2014-03-12,3279
2014-03-13,3265
2014-03-14,623
2014-03-15,41
2014-03-16,16
2014-03-17,753
2014-03-18,461
2014-03-19,2481
2014-03-20,3415
2014-03-21,577
2014-03-22,11
2014-03-23,5
2014-03-24,564
2014-03-25,3894
2014-03-26,3496
2014-03-27,4626
2014-03-28,1254
2014-03-29,12
2014-03-30,36
2014-03-31,724
2014-04-01,577
2014-04-02,1164
2014-04-03,2771
2014-04-04,545
2014-04-05,12
2014-04-06,44
2014-04-07,679
2014-04-08,1350
2014-04-09,2435
2014-04-10,2994
2014-04-11,862
2014-04-12,29
2014-04-13,2
2014-04-14,646
2014-04-15,1975
2014-04-16,3144
2014-04-17,2075
2014-04-18,1
2014-04-19,1
2014-04-20,2
2014-04-21,9
2014-04-22,1017
2014-04-23,863
2014-04-24,5103
2014-04-25,980
2014-04-26,17
2014-04-27,7
2014-04-28,865
2014-04-29,1920
2014-04-30,4838
2014-05-01,19
2014-05-02,466
2014-05-03,17
2014-05-04,20
2014-05-05,576
2014-05-06,892
2014-05-07,1660
2014-05-08,3103
2014-05-09,555
2014-05-10,16
2014-05-11,25
2014-05-12,780
2014-05-13,442
2014-05-14,2027
2014-05-15,3768
2014-05-16,523
2014-05-17,7
2014-05-18,15
2014-05-19,634
2014-05-20,1361
2014-05-21,2347
2014-05-22,2015
2014-05-23,579
2014-05-24,14
2014-05-25,18
2014-05-26,794
2014-05-27,3987
2014-05-28,4150
2014-05-29,4768
2014-05-30,1294
2014-05-31,28
2014-06-01,21
2014-06-02,627
2014-06-03,507
2014-06-04,1184
2014-06-05,3111
2014-06-06,749
2014-06-07,98
2014-06-08,3
2014-06-09,729
2014-06-10,1168
2014-06-11,4362
2014-06-12,738
2014-06-13,613
2014-06-14,1
2014-06-15,19
2014-06-16,645
2014-06-17,652
2014-06-18,36
2014-06-19,34
2014-06-20,328
2014-06-21,12
2014-06-22,1
2014-06-23,270
2014-06-24,4112
2014-06-25,26
2014-06-26,5109
2014-06-27,1546
2014-06-28,10
2014-06-29,6
2014-06-30,49
2014-07-01,610
2014-07-02,2779
2014-07-03,2253
2014-07-04,323
2014-07-05,13
2014-07-06,21
2014-07-07,551
2014-07-08,372
2014-07-09,943
2014-07-10,3162
2014-07-11,1183
2014-07-12,5
2014-07-13,26
2014-07-14,649
2014-07-15,786
2014-07-16,2676
2014-07-17,3094
2014-07-18,600
2014-07-19,40
2014-07-20,20
2014-07-21,611
2014-07-22,2752
2014-07-23,1170
2014-07-24,1178
2014-07-25,1005
2014-07-26,11
2014-07-27,5
2014-07-28,759
2014-07-29,1050
2014-07-30,2821
2014-07-31,4082
2014-08-01,950
2014-08-02,22
2014-08-03,20
2014-08-04,754
2014-08-05,626
2014-08-06,2831
2014-08-07,2990
2014-08-08,637
2014-08-09,45
2014-08-10,8
2014-08-11,869
2014-08-12,1014
2014-08-13,3595
2014-08-14,3187
2014-08-15,807
2014-08-16,35
2014-08-17,32
2014-08-18,592
2014-08-19,2640
2014-08-20,1199
2014-08-21,2687
2014-08-22,642
2014-08-23,21
2014-08-24,2
2014-08-25,736
2014-08-26,2159
2014-08-27,4342
2014-08-28,5649
2014-08-29,1484
2014-08-30,30
2014-08-31,3
2014-09-01,694
2014-09-02,588
2014-09-03,2409
2014-09-04,905
2014-09-05,632
2014-09-07,4
2014-09-08,847
2014-09-09,537
2014-09-10,2885
2014-09-11,2417
2014-09-12,577
2014-09-13,19
2014-09-14,41
2014-09-15,672
2014-09-16,3069
2014-09-17,2611
2014-09-18,3360
2014-09-19,1443
2014-09-20,3
2014-09-21,48
2014-09-22,540
2014-09-23,672
2014-09-24,4354
2014-09-25,5585
2014-09-26,736
2014-09-27,34
2014-09-28,29
2014-09-29,643
2014-09-30,1776
2014-10-01,1587
2014-10-02,2327
2014-10-03,766
2014-10-04,12
2014-10-05,23
2014-10-06,900
2014-10-07,549
2014-10-08,2088
2014-10-09,3183
2014-10-10,573
2014-10-11,12
2014-10-12,1
2014-10-13,560
2014-10-14,2964
2014-10-15,1215
2014-10-16,2432
2014-10-17,1424
2014-10-18,26
2014-10-19,37
2014-10-20,693
2014-10-21,477
2014-10-22,2572
2014-10-23,3016
2014-10-24,574
2014-10-25,6
2014-10-26,32
2014-10-27,464
2014-10-28,3115
2014-10-29,4742
2014-10-30,5610
2014-10-31,760
2014-11-01,15
2014-11-02,24
2014-11-03,889
2014-11-04,652
2014-11-05,2890
2014-11-06,1687
2014-11-07,719
2014-11-08,46
2014-11-09,28
2014-11-10,714
2014-11-11,1170
2014-11-12,1715
2014-11-13,2471
2014-11-14,997
2014-11-15,7
2014-11-16,19
2014-11-17,451
2014-11-18,2956
2014-11-19,2241
2014-11-20,4734
2014-11-21,710
2014-11-22,28
2014-11-23,42
2014-11-24,907
2014-11-25,1561
2014-11-26,4499
2014-11-27,3833
2014-11-28,1432
2014-11-29,66
2014-11-30,3
2014-12-01,655
2014-12-02,588
2014-12-03,2267
2014-12-04,2541
2014-12-05,851
2014-12-06,25
2014-12-07,37
2014-12-08,43
2014-12-09,758
2014-12-10,2651
2014-12-11,4190
2014-12-12,1524
2014-12-13,158
2014-12-14,130
2014-12-15,1381
2014-12-16,5372
2014-12-17,6192
2014-12-18,5691
2014-12-19,1991
2014-12-20,9
2014-12-21,6
2014-12-22,27
2014-12-23,47
2014-12-24,7
2014-12-25,3
2014-12-26,15
2014-12-27,2
2014-12-28,4
2014-12-30,18
2015-01-02,2
2015-01-03,6
2015-01-05,16
2015-01-06,22
2015-01-07,389
2015-01-08,368
2015-01-09,294
2015-01-10,3
2015-01-11,72
2015-01-12,545
2015-01-13,527
2015-01-14,499
2015-01-15,581
2015-01-16,626
2015-01-17,13
2015-01-18,3
2015-01-19,458
2015-01-20,359
2015-01-21,374
2015-01-22,525
2015-01-23,338
2015-01-24,1
2015-01-25,60
2015-01-26,518
2015-01-27,2444
2015-01-28,3138
2015-01-29,3799
2015-01-30,1116
2015-02-01,1
2015-02-02,3
2015-02-03,568
2015-02-04,969
2015-02-05,986
2015-02-06,898
2015-02-08,24
2015-02-09,1397
2015-02-10,2366
2015-02-11,2979
2015-02-12,2954
2015-02-13,507
2015-02-15,7
2015-02-16,1
2015-02-17,12
2015-02-18,517
2015-02-19,1298
2015-02-20,521
2015-02-21,3
2015-02-22,3
2015-02-23,892
2015-02-24,2637
2015-02-25,3813
2015-02-26,4401
2015-02-27,1332
2015-02-28,11
2015-03-01,4
2015-03-02,444
2015-03-03,802
2015-03-04,993
2015-03-05,1476
2015-03-06,1009
2015-03-07,13
2015-03-08,42
2015-03-09,868
2015-03-10,716
2015-03-11,2514
2015-03-12,3394
2015-03-13,588
2015-03-15,11
2015-03-16,688
2015-03-17,661
2015-03-18,2928
2015-03-19,3862
2015-03-20,708
2015-03-21,4
2015-03-22,23
2015-03-23,717
2015-03-24,4874
2015-03-25,4895
2015-03-26,5016
2015-03-27,1497
2015-03-28,4
2015-03-29,4
2015-03-30,778
2015-03-31,1600
2015-04-01,1537
2015-04-02,890
2015-04-03,2
2015-04-04,24
2015-04-05,4
2015-04-06,691
2015-04-07,610
2015-04-08,2406
2015-04-09,3197
2015-04-10,738
2015-04-11,24
2015-04-12,47
2015-04-13,799
2015-04-14,849
2015-04-15,3430
2015-04-16,3981
2015-04-17,697
2015-04-18,11
2015-04-19,7
2015-04-20,428
2015-04-21,35
2015-04-22,560
2015-04-23,4284
2015-04-24,1523
2015-04-25,3
2015-04-26,3
2015-04-27,622
2015-04-28,2993
2015-04-29,5674
2015-04-30,3812
2015-05-01,3
2015-05-02,17
2015-05-03,21
2015-05-04,455
2015-05-05,544
2015-05-06,724
2015-05-07,2508
2015-05-08,752
2015-05-09,9
2015-05-10,5
2015-05-11,832
2015-05-12,553
2015-05-13,2009
2015-05-14,2437
2015-05-15,634
2015-05-17,7
2015-05-18,528
2015-05-19,389
2015-05-20,2098
2015-05-21,3362
2015-05-22,1002
2015-05-23,7
2015-05-24,4
2015-05-25,850
2015-05-26,4710
2015-05-27,4617
2015-05-28,4161
2015-05-29,640
2015-05-30,1
2015-05-31,12
2015-06-01,755
2015-06-02,638
2015-06-03,1248
2015-06-04,19
2015-06-05,447
2015-06-06,29
2015-06-07,1
2015-06-08,553
2015-06-09,621
2015-06-10,2743
2015-06-11,3888
2015-06-12,571
2015-06-13,5
2015-06-14,17
2015-06-15,618
2015-06-16,490
2015-06-17,1111
2015-06-18,2985
2015-06-19,477
2015-06-20,25
2015-06-21,5
2015-06-22,447
2015-06-23,3605
2015-06-24,5092
2015-06-25,5840
2015-06-26,1389
2015-06-28,11
2015-06-29,895
2015-06-30,2437
2015-07-01,991
2015-07-02,2478
2015-07-03,783
2015-07-04,5
2015-07-05,23
2015-07-06,650
2015-07-07,568
2015-07-08,2181
2015-07-09,2111
2015-07-10,614
2015-07-11,5
2015-07-12,52
2015-07-13,402
2015-07-14,744
2015-07-15,1516
2015-07-16,3098
2015-07-17,486
2015-07-18,2
2015-07-19,20
2015-07-20,666
2015-07-21,2507
2015-07-22,1490
2015-07-23,3656
2015-07-24,435
2015-07-25,5
2015-07-26,35
2015-07-27,427
2015-07-28,1544
2015-07-29,4071
2015-07-30,3159
2015-07-31,1421
2015-08-01,1
2015-08-02,9
2015-08-03,526
2015-08-04,478
2015-08-05,467
2015-08-06,1895
2015-08-07,567
2015-08-08,66
2015-08-09,13
2015-08-10,909
2015-08-11,551
2015-08-12,2630
2015-08-13,2783
2015-08-14,744
2015-08-15,15
2015-08-16,31
2015-08-17,703
2015-08-18,3808
2015-08-19,2819
2015-08-20,3306
2015-08-21,628
2015-08-22,10
2015-08-23,31
2015-08-24,711
2015-08-25,1146
2015-08-26,5202
2015-08-27,6184
2015-08-28,1396
2015-08-29,8
2015-08-30,28
2015-08-31,833
2015-09-01,453
2015-09-02,2518
2015-09-03,2271
2015-09-04,743
2015-09-05,30
2015-09-06,26
2015-09-07,69
2015-09-08,534
2015-09-09,1232
2015-09-10,3144
2015-09-11,559
2015-09-12,39
2015-09-13,21
2015-09-14,687
2015-09-15,434
2015-09-16,3141
2015-09-17,3253
2015-09-18,577
2015-09-19,36
2015-09-20,53
2015-09-21,586
2015-09-22,4414
2015-09-23,1942
2015-09-24,3209
2015-09-25,589
2015-09-26,4
2015-09-27,5
2015-09-28,954
2015-09-29,2141
2015-09-30,4935
2015-10-01,3752
2015-10-02,783
2015-10-03,2
2015-10-05,600
2015-10-06,427
2015-10-07,1268
2015-10-08,2991
2015-10-09,429
2015-10-10,6
2015-10-11,2
2015-10-12,33
2015-10-13,438
2015-10-14,1545
2015-10-15,9
2015-10-16,1
2015-10-17,1
2015-10-19,12
2015-10-20,13
2015-10-21,336
2015-10-22,197
2015-10-23,17
2015-10-24,33
2015-10-25,1
2015-10-26,776
2015-10-27,1326
2015-10-28,1478
2015-10-29,3682
2015-10-30,1395
2015-10-31,7
2015-11-02,7
2015-11-03,519
2015-11-04,3566
2015-11-05,3488
2015-11-06,667
2015-11-07,2
2015-11-08,76
2015-11-09,851
2015-11-10,1003
2015-11-11,3392
2015-11-12,3654
2015-11-13,562
2015-11-14,95
2015-11-15,34
2015-11-16,566
2015-11-17,4046
2015-11-18,3155
2015-11-19,3041
2015-11-20,1285
2015-11-21,3
2015-11-22,6
2015-11-23,771
2015-11-24,3039
2015-11-25,3406
2015-11-26,5900
2015-11-27,976
2015-11-28,17
2015-11-29,11
2015-11-30,780
2015-12-01,679
2015-12-02,2432
2015-12-03,1452
2015-12-04,713
2015-12-05,18
2015-12-06,44
2015-12-07,443
2015-12-08,45
2015-12-09,1300
2015-12-10,3522
2015-12-11,933
2015-12-12,26
2015-12-13,8
2015-12-14,716
2015-12-15,4334
2015-12-16,6725
2015-12-17,6261
2015-12-18,1358
2015-12-19,18
2015-12-21,23
2015-12-22,10
2015-12-23,1
2015-12-24,1
2015-12-26,1
2015-12-28,28
2015-12-29,1
2015-12-30,4
2016-01-02,14
2016-01-03,2
2016-01-04,2
2016-01-05,14
2016-01-06,17
2016-01-07,227
2016-01-08,227
2016-01-10,24
2016-01-11,480
2016-01-12,297
2016-01-13,392
2016-01-14,327
2016-01-15,176
2016-01-16,8
2016-01-17,2
2016-01-18,309
2016-01-19,302
2016-01-20,284
2016-01-21,366
2016-01-22,245
2016-01-23,3
2016-01-24,6
2016-01-25,490
2016-01-26,1148
2016-01-27,3298
2016-01-28,3146
2016-01-29,1646
2016-01-30,1
2016-01-31,2
2016-02-01,175
2016-02-02,3
2016-02-03,333
2016-02-04,1441
2016-02-05,333
2016-02-06,5
2016-02-07,1
2016-02-08,5
2016-02-09,3
2016-02-10,492
2016-02-11,497
2016-02-12,460
2016-02-13,15
2016-02-14,6
2016-02-15,508
2016-02-16,505
2016-02-17,1206
2016-02-18,690
2016-02-19,356
2016-02-20,1
2016-02-21,10
2016-02-22,743
2016-02-23,3838
2016-02-24,4699
2016-02-25,5307
2016-02-26,1117
2016-02-27,11
2016-02-28,8
2016-02-29,380
2016-03-01,992
2016-03-02,752
2016-03-03,2423
2016-03-04,557
2016-03-05,3
2016-03-06,7
2016-03-07,586
2016-03-08,2151
2016-03-09,3603
2016-03-10,3381
2016-03-11,821
2016-03-12,20
2016-03-13,20
2016-03-14,649
2016-03-15,2466
2016-03-16,2908
2016-03-17,1555
2016-03-18,303
2016-03-19,4
2016-03-20,8
2016-03-21,519
2016-03-22,1030
2016-03-23,1363
2016-03-24,667
2016-03-25,1
2016-03-26,1
2016-03-27,5
2016-03-28,260
2016-03-29,605
2016-03-30,4738
2016-03-31,3088
2016-04-01,1081
2016-04-02,4
2016-04-03,3
2016-04-04,354
2016-04-05,436
2016-04-06,1304
2016-04-07,2844
2016-04-08,339
2016-04-09,1
2016-04-10,2
2016-04-11,249
2016-04-12,240
2016-04-13,1614
2016-04-14,2380
2016-04-15,265
2016-04-17,5
2016-04-18,337
2016-04-19,3322
2016-04-20,2184
2016-04-21,6
2016-04-22,166
2016-04-23,1
2016-04-25,472
2016-04-26,2100
2016-04-27,3116
2016-04-28,5520
2016-04-29,1101
2016-04-30,5
2016-05-01,3
2016-05-02,379
2016-05-03,226
2016-05-04,1028
2016-05-05,1695
2016-05-06,448
2016-05-07,1
2016-05-09,511
2016-05-10,198
2016-05-11,2606
2016-05-12,2032
2016-05-13,264
2016-05-14,6
2016-05-16,250
2016-05-17,287
2016-05-18,2629
2016-05-19,3735
2016-05-20,324
2016-05-21,10
2016-05-22,3
2016-05-23,1241
2016-05-24,4468
2016-05-25,5956
2016-05-26,64
2016-05-27,629
2016-05-28,30
2016-05-29,12
2016-05-30,813
2016-05-31,2478
2016-06-01,1597
2016-06-02,2591
2016-06-03,1352
2016-06-04,3
2016-06-05,3
2016-06-06,534
2016-06-07,417
2016-06-08,2896
2016-06-09,3695
2016-06-10,678
2016-06-11,9
2016-06-12,107
2016-06-13,232
2016-06-14,844
2016-06-15,1389
2016-06-16,2482
2016-06-17,423
2016-06-18,10
2016-06-19,27
2016-06-20,694
2016-06-21,3123
2016-06-22,3318
2016-06-23,1564
2016-06-24,1006
2016-06-25,20
2016-06-26,35
2016-06-27,909
2016-06-28,2198
2016-06-29,5848
2016-06-30,5088
2016-07-01,2331
2016-07-02,27
2016-07-03,35
2016-07-04,507
2016-07-05,240
2016-07-06,2307
2016-07-07,1873
2016-07-08,638
2016-07-09,21
2016-07-10,2
2016-07-11,554
2016-07-12,225
2016-07-13,1776
2016-07-14,4155
2016-07-15,1341
2016-07-16,2
2016-07-17,1
2016-07-18,947
2016-07-19,1366
2016-07-20,1260
2016-07-21,1597
2016-07-22,578
2016-07-23,16
2016-07-24,38
2016-07-25,621
2016-07-26,4702
2016-07-27,5584
2016-07-28,3373
2016-07-29,1432
2016-07-30,9
2016-07-31,3
2016-08-01,486
2016-08-02,336
2016-08-03,1137
2016-08-04,940
2016-08-05,859
2016-08-06,75
2016-08-07,3
2016-08-08,657
2016-08-09,462
2016-08-10,3340
2016-08-11,3233
2016-08-12,806
2016-08-13,7
2016-08-14,5
2016-08-15,1304
2016-08-16,1004
2016-08-17,2513
2016-08-18,2399
2016-08-19,772
2016-08-20,7
2016-08-21,60
2016-08-22,827
2016-08-23,2922
2016-08-24,3453
2016-08-25,4842
2016-08-26,1694
2016-08-27,7
2016-08-29,530
2016-08-30,2451
2016-08-31,5773
2016-09-01,2516
2016-09-02,722
2016-09-04,1
2016-09-05,1377
2016-09-06,525
2016-09-07,4
2016-09-08,1397
2016-09-09,754
2016-09-10,107
2016-09-11,18
2016-09-12,934
2016-09-13,333
2016-09-14,3256
2016-09-15,2572
2016-09-16,668
2016-09-17,1
2016-09-18,7
2016-09-19,268
2016-09-21,1289
2016-09-22,4285
2016-09-23,652
2016-09-24,14
2016-09-26,984
2016-09-27,3872
2016-09-28,5679
2016-09-29,4875
2016-09-30,1084
2016-10-01,21
2016-10-02,23
2016-10-03,1061
2016-10-04,600
2016-10-05,2294
2016-10-06,2381
2016-10-07,476
2016-10-08,13
2016-10-09,11
2016-10-10,926
2016-10-11,1095
2016-10-12,5
2016-10-13,2481
2016-10-14,1450
2016-10-16,82
2016-10-17,656
2016-10-18,353
2016-10-19,2813
2016-10-20,2699
2016-10-21,305
2016-10-22,237
2016-10-23,14
2016-10-24,480
2016-10-25,3388
2016-10-26,5752
2016-10-27,5602
2016-10-28,1262
2016-10-29,216
2016-10-30,3
2016-10-31,1320
2016-11-01,368
2016-11-02,14
2016-11-03,1130
2016-11-04,766
2016-11-05,36
2016-11-06,10
2016-11-07,1597
2016-11-08,300
2016-11-09,3408
2016-11-10,3569
2016-11-11,1220
2016-11-12,3
2016-11-13,9
2016-11-14,962
2016-11-15,19
2016-11-16,978
2016-11-17,1523
2016-11-18,851
2016-11-19,62
2016-11-20,55
2016-11-21,1435
2016-11-22,607
2016-11-23,3424
2016-11-24,4643
2016-11-25,1979
2016-11-26,10
2016-11-27,5
2016-11-28,702
2016-11-29,2708
2016-11-30,5565
2016-12-01,2209
2016-12-02,1177
2016-12-03,27
2016-12-05,434
2016-12-06,3903
2016-12-07,2071
2016-12-08,9
2016-12-09,687
2016-12-10,5
2016-12-11,3
2016-12-12,2459
2016-12-13,3625
2016-12-14,5249
2016-12-15,6413
2016-12-16,1699
2016-12-17,28
2016-12-18,47
2016-12-19,1656
2016-12-20,14
2016-12-21,15
2016-12-22,16
2016-12-23,39
2016-12-25,6
2016-12-26,4
2016-12-29,1
2017-01-08,4
2017-01-09,121
2017-01-10,314
2017-01-11,196
2017-01-12,389
2017-01-13,227
2017-01-16,221
2017-01-17,313
2017-01-18,366
2017-01-19,151
2017-01-20,345
2017-01-21,24
2017-01-22,1
2017-01-23,720
2017-01-24,219
2017-01-25,823
2017-01-26,1715
2017-01-27,201
2017-01-28,4
2017-01-29,44
2017-01-30,888
2017-01-31,1340
2017-02-01,1278
2017-02-02,6
2017-02-03,133
2017-02-05,3
2017-02-06,871
2017-02-07,1036
2017-02-08,1173
2017-02-09,1029
2017-02-10,533
2017-02-11,2
2017-02-12,8
2017-02-13,320
2017-02-14,846
2017-02-15,1198
2017-02-16,4003
2017-02-17,179
2017-02-18,18
2017-02-19,6
2017-02-20,654
2017-02-21,3466
2017-02-22,5580
2017-02-23,4441
2017-02-24,305
2017-02-25,1
2017-02-27,46
2017-02-28,77
2017-03-01,1234
2017-03-02,454
2017-03-03,397
2017-03-04,23
2017-03-05,21
2017-03-06,639
2017-03-07,1831
2017-03-08,2392
2017-03-09,3616
2017-03-10,1386
2017-03-11,17
2017-03-13,583
2017-03-14,313
2017-03-15,2938
2017-03-16,2013
2017-03-17,448
2017-03-18,75
2017-03-20,577
2017-03-21,528
2017-03-22,2078
2017-03-23,3691
2017-03-24,670
2017-03-25,24
2017-03-26,5
2017-03-27,792
2017-03-28,4193
2017-03-29,6166
2017-03-30,5821
2017-03-31,1427
2017-04-01,2
2017-04-03,556
2017-04-04,668
2017-04-05,1271
2017-04-06,1877
2017-04-07,1600
2017-04-10,736
2017-04-11,572
2017-04-12,3324
2017-04-13,1305
2017-04-14,67
2017-04-15,16
2017-04-16,19
2017-04-17,482
2017-04-18,365
2017-04-19,2262
2017-04-20,2082
2017-04-21,102
2017-04-22,11
2017-04-23,5
2017-04-24,761
2017-04-25,2820
2017-04-26,5125
2017-04-27,5438
2017-04-28,500
2017-04-29,51
2017-04-30,112
2017-05-01,16
2017-05-02,460
2017-05-03,620
2017-05-04,1144
2017-05-05,1020
2017-05-06,3
2017-05-07,3
2017-05-08,350
2017-05-09,633
2017-05-10,3227
2017-05-11,1899
2017-05-12,279
2017-05-13,7
2017-05-15,515
2017-05-16,470
2017-05-17,2301
2017-05-18,2459
2017-05-19,380
2017-05-20,8
2017-05-21,8
2017-05-22,851
2017-05-23,130
2017-05-24,3556
2017-05-25,5085
2017-05-26,1376
2017-05-27,35
2017-05-28,6
2017-05-29,520
2017-05-30,3931
2017-05-31,5070
2017-06-01,643
2017-06-02,843
2017-06-03,1
2017-06-04,68
2017-06-05,711
2017-06-06,332
2017-06-07,2179
2017-06-08,1901
2017-06-09,382
2017-06-10,3
2017-06-11,48
2017-06-12,312
2017-06-13,1243
2017-06-14,1997
2017-06-15,79
2017-06-16,253
2017-06-17,1
2017-06-18,1
2017-06-19,973
2017-06-20,817
2017-06-21,1096
2017-06-22,2928
2017-06-23,474
2017-06-24,3
2017-06-25,10
2017-06-26,512
2017-06-27,3058
2017-06-28,4988
2017-06-29,5680
2017-06-30,1942
2017-07-01,41
2017-07-02,16
2017-07-03,598
2017-07-04,365
2017-07-05,1465
2017-07-06,1061
2017-07-07,950
2017-07-08,9
2017-07-09,87
2017-07-10,709
2017-07-11,245
2017-07-12,2832
2017-07-13,3918
2017-07-14,664
2017-07-15,3
2017-07-16,13
2017-07-17,662
2017-07-18,283
2017-07-19,1394
2017-07-20,3414
2017-07-21,407
2017-07-22,1
2017-07-23,14
2017-07-24,470
2017-07-25,2243
2017-07-26,5780
2017-07-27,4022
2017-07-28,1353
2017-07-29,11
2017-07-31,504
2017-08-01,242
2017-08-02,759
2017-08-03,1441
2017-08-04,307
2017-08-05,5
2017-08-06,11
2017-08-07,937
2017-08-08,262
2017-08-09,2252
2017-08-10,2190
2017-08-11,355
2017-08-13,2
2017-08-14,1046
2017-08-15,299
2017-08-16,2261
2017-08-17,2948
2017-08-18,435
2017-08-19,10
2017-08-20,1
2017-08-21,1193
2017-08-22,236
2017-08-23,3665
2017-08-24,2924
2017-08-25,667
2017-08-26,45
2017-08-27,79
2017-08-28,290
2017-08-29,4664
2017-08-30,6535
2017-08-31,5093
2017-09-01,452
2017-09-02,2
2017-09-03,14
2017-09-04,629
2017-09-05,731
2017-09-06,1654
2017-09-07,5
2017-09-08,357
2017-09-09,11
2017-09-10,2
2017-09-11,805
2017-09-12,252
2017-09-13,3897
2017-09-14,4289
2017-09-15,400
2017-09-16,20
2017-09-17,1
2017-09-18,1460
2017-09-19,275
2017-09-20,34
2017-09-21,281
2017-09-22,772
2017-09-23,6
2017-09-24,8
2017-09-25,945
2017-09-26,3542
2017-09-27,6003
2017-09-28,5274
2017-09-29,682
2017-09-30,3
2017-10-02,894
2017-10-03,953
2017-10-04,1158
2017-10-05,1355
2017-10-06,938
2017-10-07,26
2017-10-09,1027
2017-10-10,521
2017-10-11,2143
2017-10-12,46
2017-10-13,378
2017-10-14,6
2017-10-15,4
2017-10-16,731
2017-10-17,214
2017-10-18,1774
2017-10-19,4422
2017-10-20,1395
2017-10-21,133
2017-10-22,47
2017-10-23,1054
2017-10-24,3644
2017-10-25,4266
2017-10-26,5172
2017-10-27,473
2017-10-28,6
2017-10-29,5
2017-10-30,764
2017-10-31,3856
2017-11-01,1391
2017-11-02,53
2017-11-03,360
2017-11-04,2
2017-11-05,39
2017-11-06,490
2017-11-07,1001
2017-11-08,2511
2017-11-09,2404
2017-11-10,1689
2017-11-11,13
2017-11-12,66
2017-11-13,980
2017-11-14,829
2017-11-15,13
2017-11-16,663
2017-11-17,1157
2017-11-18,58
2017-11-19,22
2017-11-20,913
2017-11-21,439
2017-11-22,3115
2017-11-23,5676
2017-11-24,322
2017-11-25,1
2017-11-26,57
2017-11-27,898
2017-11-28,1972
2017-11-29,5056
2017-11-30,4787
2017-12-01,746
2017-12-02,26
2017-12-03,9
2017-12-04,365
2017-12-05,1842
2017-12-06,2415
2017-12-07,1943
2017-12-08,5
2017-12-09,2
2017-12-10,9
2017-12-11,1005
2017-12-12,2735
2017-12-13,6074
2017-12-14,5413
2017-12-15,1409
2017-12-17,146
2017-12-18,3381
2017-12-19,1316
2017-12-20,38
2017-12-21,7
2017-12-27,2
2017-12-28,16
2017-12-29,41
